tenure.id,coach.id,franchise.id,start.year,end.year,coach.wins,coach.losses,coach.games,tenure.slug
1,pottero99c,ATL,1950,1950,1,6,7,pottero99c_ATL_1950_1950
2,auerbre99c,ATL,1950,1950,28,29,57,auerbre99c_ATL_1950_1950
3,mcmilda99c,ATL,1951,1951,9,14,23,mcmilda99c_ATL_1951_1951
4,loganjo01c,ATL,1951,1951,2,1,3,loganjo01c_ATL_1951_1951
5,todormi01c,ATL,1951,1951,14,28,42,todormi01c_ATL_1951_1951
6,mooredo99c,ATL,1952,1952,17,49,66,mooredo99c_ATL_1952_1952
7,levanan01c,ATL,1953,1954,38,79,117,levanan01c_ATL_1953_1954
8,holzmre01c,ATL,1954,1957,83,120,203,holzmre01c_ATL_1954_1957
9,martisl01c,ATL,1957,1957,5,3,8,martisl01c_ATL_1957_1957
10,hannual01c,ATL,1957,1958,56,47,103,hannual01c_ATL_1957_1958
11,phillan01c,ATL,1959,1959,6,4,10,phillan01c_ATL_1959_1959
12,macaued01c,ATL,1959,1960,89,48,137,macaued01c_ATL_1959_1960
13,seymopa01c,ATL,1961,1962,56,37,93,seymopa01c_ATL_1961_1962
14,levanan01c,ATL,1962,1962,20,40,60,levanan01c_ATL_1962_1962
15,pettibo01c,ATL,1962,1962,4,2,6,pettibo01c_ATL_1962_1962
16,gallaha01c,ATL,1963,1965,111,82,193,gallaha01c_ATL_1963_1965
17,gueriri01c,ATL,1965,1972,327,291,618,gueriri01c_ATL_1965_1972
18,fitzsco99c,ATL,1973,1976,140,180,320,fitzsco99c_ATL_1973_1976
19,tormobu01c,ATL,1976,1976,1,7,8,tormobu01c_ATL_1976_1976
20,brownhu99c,ATL,1977,1981,199,208,407,brownhu99c_ATL_1977_1981
21,fratemi99c,ATL,1981,1981,0,3,3,fratemi99c_ATL_1981_1981
22,loughke01c,ATL,1982,1983,85,79,164,loughke01c_ATL_1982_1983
23,fratemi99c,ATL,1984,1990,324,250,574,fratemi99c_ATL_1984_1990
24,weissbo01c,ATL,1991,1993,124,122,246,weissbo01c_ATL_1991_1993
25,wilkele01c,ATL,1994,2000,310,232,542,wilkele01c_ATL_1994_2000
26,krugelo99c,ATL,2001,2003,69,122,191,krugelo99c_ATL_2001_2003
27,stottte99c,ATL,2003,2004,52,85,137,stottte99c_ATL_2003_2004
28,woodsmi01c,ATL,2005,2010,206,286,492,woodsmi01c_ATL_2005_2010
29,drewla01c,ATL,2011,2013,128,102,230,drewla01c_ATL_2011_2013
30,budenmi99c,ATL,2014,2018,213,197,410,budenmi99c_ATL_2014_2018
31,piercll01c,ATL,2019,2020,49,100,149,piercll01c_ATL_2019_2020
32,russejo99c,BOS,1947,1948,42,66,108,russejo99c_BOS_1947_1948
33,juliaal99c,BOS,1949,1950,47,81,128,juliaal99c_BOS_1949_1950
34,auerbre99c,BOS,1951,1966,795,397,1192,auerbre99c_BOS_1951_1966
35,russebi01c,BOS,1967,1969,162,83,245,russebi01c_BOS_1967_1969
36,heinsto01c,BOS,1970,1978,427,263,690,heinsto01c_BOS_1970_1978
37,sandeto01c,BOS,1978,1979,23,39,62,sandeto01c_BOS_1978_1979
38,cowenda01c,BOS,1979,1979,27,41,68,cowenda01c_BOS_1979_1979
39,fitchbi99c,BOS,1980,1983,242,86,328,fitchbi99c_BOS_1980_1983
40,joneskc01c,BOS,1984,1988,308,102,410,joneskc01c_BOS_1984_1988
41,rodgeji99c,BOS,1989,1990,94,70,164,rodgeji99c_BOS_1989_1990
42,fordch01c,BOS,1991,1995,222,188,410,fordch01c_BOS_1991_1995
43,carrml01c,BOS,1996,1997,48,116,164,carrml01c_BOS_1996_1997
44,pitinri99c,BOS,1998,2001,102,146,248,pitinri99c_BOS_1998_2001
45,obrieji99c,BOS,2001,2004,139,119,258,obrieji99c_BOS_2001_2004
46,carrojo99c,BOS,2004,2004,14,22,36,carrojo99c_BOS_2004_2004
47,riverdo01c,BOS,2005,2013,416,305,721,riverdo01c_BOS_2005_2013
48,stevebr99c,BOS,2014,2020,313,243,556,stevebr99c_BOS_2014_2020
49,zasloma01c,NJN,1968,1969,53,103,156,zasloma01c_NJN_1968_1969
50,laresyo01c,NJN,1970,1970,39,45,84,laresyo01c_NJN_1970_1970
51,carnelo99c,NJN,1971,1973,114,138,252,carnelo99c_NJN_1971_1973
52,loughke01c,NJN,1974,1981,297,318,615,loughke01c_NJN_1974_1981
53,mackibo99c,NJN,1981,1981,12,35,47,mackibo99c_NJN_1981_1981
54,brownla01c,NJN,1982,1983,91,67,158,brownla01c_NJN_1982_1983
55,blairbi99c,NJN,1983,1983,2,4,6,blairbi99c_NJN_1983_1983
56,albecst99c,NJN,1984,1985,87,77,164,albecst99c_NJN_1984_1985
57,wohlda01c,NJN,1986,1988,65,114,179,wohlda01c_NJN_1986_1988
58,mackibo99c,NJN,1988,1988,10,29,39,mackibo99c_NJN_1988_1988
59,reedwi01c,NJN,1988,1989,33,77,110,reedwi01c_NJN_1988_1989
60,fitchbi99c,NJN,1990,1992,83,163,246,fitchbi99c_NJN_1990_1992
61,dalych99c,NJN,1993,1994,88,76,164,dalych99c_NJN_1993_1994
62,beardbu01c,NJN,1995,1996,60,104,164,beardbu01c_NJN_1995_1996
63,calipjo99c,NJN,1997,1999,72,112,184,calipjo99c_NJN_1997_1999
64,caseybo99c,NJN,1999,2000,44,68,112,caseybo99c_NJN_1999_2000
65,scottby01c,NJN,2001,2004,149,139,288,scottby01c_NJN_2001_2004
66,frankla99c,NJN,2004,2010,225,241,466,frankla99c_NJN_2004_2010
67,barrito99c,NJN,2010,2010,0,2,2,barrito99c_NJN_2010_2010
68,vandeki01c,NJN,2010,2010,12,52,64,vandeki01c_NJN_2010_2010
69,johnsav01c,NJN,2011,2013,60,116,176,johnsav01c_NJN_2011_2013
70,carlepj99c,NJN,2013,2013,35,19,54,carlepj99c_NJN_2013_2013
71,kiddja01c,NJN,2014,2014,44,38,82,kiddja01c_NJN_2014_2014
72,hollili01c,NJN,2015,2016,48,71,119,hollili01c_NJN_2015_2016
73,brownto01c,NJN,2016,2016,11,34,45,brownto01c_NJN_2016_2016
74,atkinke01c,NJN,2017,2020,118,190,308,atkinke01c_NJN_2017_2020
75,vaughja01c,NJN,2020,2020,2,0,2,vaughja01c_NJN_2020_2020
76,bickebe99c,CHA,2005,2007,77,169,246,bickebe99c_CHA_2005_2007
77,vincesa01c,CHA,2008,2008,32,50,82,vincesa01c_CHA_2008_2008
78,brownla01c,CHA,2009,2011,88,104,192,brownla01c_CHA_2009_2011
79,silaspa01c,CHA,2011,2012,32,88,120,silaspa01c_CHA_2011_2012
80,dunlami99c,CHA,2013,2013,21,61,82,dunlami99c_CHA_2013_2013
81,cliffst99c,CHA,2014,2018,196,214,410,cliffst99c_CHA_2014_2018
82,borreja99c,CHA,2019,2020,62,85,147,borreja99c_CHA_2019_2020
83,kerrre01c,CHI,1967,1968,62,101,163,kerrre01c_CHI_1967_1968
84,mottadi99c,CHI,1969,1976,356,300,656,mottadi99c_CHI_1969_1976
85,badgeed99c,CHI,1977,1978,84,80,164,badgeed99c_CHI_1977_1978
86,costela01c,CHI,1979,1979,20,36,56,costela01c_CHI_1979_1979
87,robersc99c,CHI,1979,1979,11,15,26,robersc99c_CHI_1979_1979
88,sloanje01c,CHI,1980,1982,94,121,215,sloanje01c_CHI_1980_1982
89,johnsph99c,CHI,1982,1982,0,1,1,johnsph99c_CHI_1982_1982
90,thornro01c,CHI,1982,1982,15,15,30,thornro01c_CHI_1982_1982
91,westhpa99c,CHI,1983,1983,28,54,82,westhpa99c_CHI_1983_1983
92,loughke01c,CHI,1984,1985,65,99,164,loughke01c_CHI_1984_1985
93,albecst99c,CHI,1986,1986,30,52,82,albecst99c_CHI_1986_1986
94,collido01c,CHI,1987,1989,137,109,246,collido01c_CHI_1987_1989
95,jacksph01c,CHI,1990,1998,545,193,738,jacksph01c_CHI_1990_1998
96,floydti99c,CHI,1999,2002,49,190,239,floydti99c_CHI_1999_2002
97,berrybi99c,CHI,2002,2002,0,2,2,berrybi99c_CHI_2002_2002
98,cartwbi01c,CHI,2002,2004,51,100,151,cartwbi01c_CHI_2002_2004
99,myerspe01c,CHI,2004,2004,0,2,2,myerspe01c_CHI_2004_2004
100,skilesc01c,CHI,2004,2008,165,172,337,skilesc01c_CHI_2004_2008
101,myerspe01c,CHI,2008,2008,0,1,1,myerspe01c_CHI_2008_2008
102,boylaji99c,CHI,2008,2008,24,32,56,boylaji99c_CHI_2008_2008
103,delnevi01c,CHI,2009,2010,82,82,164,delnevi01c_CHI_2009_2010
104,thiboto99c,CHI,2011,2015,255,139,394,thiboto99c_CHI_2011_2015
105,hoibefr99c,CHI,2016,2019,115,155,270,hoibefr99c_CHI_2016_2019
106,boyleji02c,CHI,2019,2020,39,84,123,boyleji02c_CHI_2019_2020
107,fitchbi99c,CLE,1971,1979,304,434,738,fitchbi99c_CLE_1971_1979
108,albecst99c,CLE,1980,1980,37,45,82,albecst99c_CLE_1980_1980
109,mussebi99c,CLE,1981,1981,25,46,71,mussebi99c_CLE_1981_1981
110,delando99c,CLE,1981,1982,7,19,26,delando99c_CLE_1981_1982
111,kloppbo99c,CLE,1982,1982,0,3,3,kloppbo99c_CLE_1982_1982
112,dalych99c,CLE,1982,1982,9,32,41,dalych99c_CLE_1982_1982
113,mussebi99c,CLE,1982,1982,2,21,23,mussebi99c_CLE_1982_1982
114,nissato99c,CLE,1983,1984,51,113,164,nissato99c_CLE_1983_1984
115,karlge01c,CLE,1985,1986,61,88,149,karlge01c_CLE_1985_1986
116,littlge01c,CLE,1986,1986,4,11,15,littlge01c_CLE_1986_1986
117,wilkele01c,CLE,1987,1993,316,258,574,wilkele01c_CLE_1987_1993
118,fratemi99c,CLE,1994,1999,248,212,460,fratemi99c_CLE_1994_1999
119,wittmra01c,CLE,2000,2001,62,102,164,wittmra01c_CLE_2000_2001
120,lucasjo01c,CLE,2002,2003,37,87,124,lucasjo01c_CLE_2002_2003
121,smartke01c,CLE,2003,2003,9,31,40,smartke01c_CLE_2003_2003
122,silaspa01c,CLE,2004,2005,69,77,146,silaspa01c_CLE_2004_2005
123,malonbr99c,CLE,2005,2005,8,10,18,malonbr99c_CLE_2005_2005
124,brownmi99c,CLE,2006,2010,272,138,410,brownmi99c_CLE_2006_2010
125,scottby01c,CLE,2011,2013,64,166,230,scottby01c_CLE_2011_2013
126,brownmi99c,CLE,2014,2014,33,49,82,brownmi99c_CLE_2014_2014
127,blattda99c,CLE,2015,2016,83,40,123,blattda99c_CLE_2015_2016
128,luety01c,CLE,2016,2019,128,83,211,luety01c_CLE_2016_2019
129,drewla01c,CLE,2019,2019,19,57,76,drewla01c_CLE_2019_2019
130,beilejo99c,CLE,2020,2020,14,40,54,beilejo99c_CLE_2020_2020
131,bickejb01c,CLE,2020,2020,5,6,11,bickejb01c_CLE_2020_2020
132,mottadi99c,DAL,1981,1987,267,307,574,mottadi99c_DAL_1981_1987
133,maclejo99c,DAL,1988,1990,96,79,175,maclejo99c_DAL_1988_1990
134,adubari99c,DAL,1990,1993,94,170,264,adubari99c_DAL_1990_1993
135,heardga01c,DAL,1993,1993,9,44,53,heardga01c_DAL_1993_1993
136,bucknqu01c,DAL,1994,1994,13,69,82,bucknqu01c_DAL_1994_1994
137,mottadi99c,DAL,1995,1996,62,102,164,mottadi99c_DAL_1995_1996
138,cleamji01c,DAL,1997,1998,28,70,98,cleamji01c_DAL_1997_1998
139,nelsodo01c,DAL,1998,2005,339,251,590,nelsodo01c_DAL_1998_2005
140,johnsav01c,DAL,2005,2008,194,70,264,johnsav01c_DAL_2005_2008
141,carliri01c,DAL,2009,2020,510,443,953,carliri01c_DAL_2009_2020
142,bassbo99c,DEN,1968,1969,89,67,156,bassbo99c_DEN_1968_1969
143,mclenjo99c,DEN,1970,1970,9,19,28,mclenjo99c_DEN_1970_1970
144,belmojo99c,DEN,1970,1971,45,24,69,belmojo99c_DEN_1970_1971
145,albecst99c,DEN,1971,1971,27,44,71,albecst99c_DEN_1971_1971
146,hannual01c,DEN,1972,1974,118,134,252,hannual01c_DEN_1972_1974
147,brownla01c,DEN,1975,1979,251,134,385,brownla01c_DEN_1975_1979
148,walshdo99c,DEN,1979,1981,60,82,142,walshdo99c_DEN_1979_1981
149,moedo01c,DEN,1981,1990,432,357,789,moedo01c_DEN_1981_1990
150,westhpa99c,DEN,1991,1992,44,120,164,westhpa99c_DEN_1991_1992
151,isselda01c,DEN,1993,1995,96,102,198,isselda01c_DEN_1993_1995
152,littlge01c,DEN,1995,1995,3,13,16,littlge01c_DEN_1995_1995
153,bickebe99c,DEN,1995,1997,59,68,127,bickebe99c_DEN_1995_1997
154,mottadi99c,DEN,1997,1997,17,52,69,mottadi99c_DEN_1997_1997
155,hanzlbi01c,DEN,1998,1998,11,71,82,hanzlbi01c_DEN_1998_1998
156,dantomi01c,DEN,1999,1999,14,36,50,dantomi01c_DEN_1999_1999
157,isselda01c,DEN,2000,2002,84,106,190,isselda01c_DEN_2000_2002
158,evansmi01c,DEN,2002,2002,18,38,56,evansmi01c_DEN_2002_2002
159,bzdelje99c,DEN,2003,2005,73,119,192,bzdelje99c_DEN_2003_2005
160,coopemi01c,DEN,2005,2005,4,10,14,coopemi01c_DEN_2005_2005
161,karlge01c,DEN,2005,2013,423,257,680,karlge01c_DEN_2005_2013
162,shawbr01c,DEN,2014,2015,56,85,141,shawbr01c_DEN_2014_2015
163,huntme01c,DEN,2015,2015,10,13,23,huntme01c_DEN_2015_2015
164,malonmi99c,DEN,2016,2020,216,177,393,malonmi99c_DEN_2016_2020
165,benneca99c,DET,1949,1949,0,6,6,benneca99c_DET_1949_1949
166,armstcu01c,DET,1949,1949,22,32,54,armstcu01c_DET_1949_1949
167,mendemu99c,DET,1950,1951,72,64,136,mendemu99c_DET_1950_1951
168,birchpa99c,DET,1952,1954,105,102,207,birchpa99c_DET_1952_1954
169,eckmach99c,DET,1955,1958,123,118,241,eckmach99c_DET_1955_1958
170,rochare01c,DET,1958,1960,65,88,153,rochare01c_DET_1958_1960
171,mcguidi01c,DET,1960,1963,122,158,280,mcguidi01c_DET_1960_1963
172,wolfch99c,DET,1964,1965,25,66,91,wolfch99c_DET_1964_1965
173,debusda01c,DET,1965,1967,79,143,222,debusda01c_DET_1965_1967
174,butchdo01c,DET,1967,1969,52,60,112,butchdo01c_DET_1967_1969
175,seymopa01c,DET,1969,1969,22,38,60,seymopa01c_DET_1969_1969
176,vanbrbu01c,DET,1970,1972,82,92,174,vanbrbu01c_DET_1970_1972
177,dischte01c,DET,1972,1972,0,2,2,dischte01c_DET_1972_1972
178,lloydea01c,DET,1972,1973,22,55,77,lloydea01c_DET_1972_1973
179,scottra01c,DET,1973,1976,147,134,281,scottra01c_DET_1973_1976
180,brownhe99c,DET,1976,1978,72,74,146,brownhe99c_DET_1976_1978
181,kauffbo01c,DET,1978,1978,29,29,58,kauffbo01c_DET_1978_1978
182,vitaldi99c,DET,1979,1980,34,60,94,vitaldi99c_DET_1979_1980
183,adubari99c,DET,1980,1980,12,58,70,adubari99c_DET_1980_1980
184,robersc99c,DET,1981,1983,97,149,246,robersc99c_DET_1981_1983
185,dalych99c,DET,1984,1992,467,271,738,dalych99c_DET_1984_1992
186,rothsro99c,DET,1993,1993,40,42,82,rothsro99c_DET_1993_1993
187,chanedo01c,DET,1994,1995,48,116,164,chanedo01c_DET_1994_1995
188,collido01c,DET,1996,1998,121,88,209,collido01c_DET_1996_1998
189,gentral99c,DET,1998,2000,73,72,145,gentral99c_DET_1998_2000
190,irvinge01c,DET,2000,2001,46,60,106,irvinge01c_DET_2000_2001
191,carliri01c,DET,2002,2003,100,64,164,carliri01c_DET_2002_2003
192,brownla01c,DET,2004,2005,108,56,164,brownla01c_DET_2004_2005
193,saundfl99c,DET,2006,2008,176,70,246,saundfl99c_DET_2006_2008
194,currymi01c,DET,2009,2009,39,43,82,currymi01c_DET_2009_2009
195,kuestjo01c,DET,2010,2011,57,107,164,kuestjo01c_DET_2010_2011
196,frankla99c,DET,2012,2013,54,94,148,frankla99c_DET_2012_2013
197,cheekma01c,DET,2014,2014,21,29,50,cheekma01c_DET_2014_2014
198,loyerjo99c,DET,2014,2014,8,24,32,loyerjo99c_DET_2014_2014
199,vangust99c,DET,2015,2018,152,176,328,vangust99c_DET_2015_2018
200,caseydw99c,DET,2019,2020,61,87,148,caseydw99c_DET_2019_2020
201,gottled99c,GSW,1947,1955,263,318,581,gottled99c_GSW_1947_1955
202,senesge01c,GSW,1956,1958,119,97,216,senesge01c_GSW_1956_1958
203,cervial01c,GSW,1959,1959,32,40,72,cervial01c_GSW_1959_1959
204,johnsne01c,GSW,1960,1961,95,59,154,johnsne01c_GSW_1960_1961
205,mcguifr99c,GSW,1962,1962,49,31,80,mcguifr99c_GSW_1962_1962
206,feeribo01c,GSW,1963,1963,31,49,80,feeribo01c_GSW_1963_1963
207,hannual01c,GSW,1964,1966,100,140,240,hannual01c_GSW_1964_1966
208,sharmbi01c,GSW,1967,1968,87,76,163,sharmbi01c_GSW_1967_1968
209,leege01c,GSW,1969,1970,63,71,134,leege01c_GSW_1969_1970
210,attleal01c,GSW,1970,1980,443,386,829,attleal01c_GSW_1970_1980
211,bachjo01c,GSW,1980,1980,6,15,21,bachjo01c_GSW_1980_1980
212,attleal01c,GSW,1981,1983,114,132,246,attleal01c_GSW_1981_1983
213,bachjo01c,GSW,1984,1986,89,157,246,bachjo01c_GSW_1984_1986
214,karlge01c,GSW,1987,1988,58,88,146,karlge01c_GSW_1987_1988
215,gregoed99c,GSW,1988,1988,4,14,18,gregoed99c_GSW_1988_1988
216,nelsodo01c,GSW,1989,1995,277,260,537,nelsodo01c_GSW_1989_1995
217,laniebo01c,GSW,1995,1995,12,25,37,laniebo01c_GSW_1995_1995
218,adelmri01c,GSW,1996,1997,66,98,164,adelmri01c_GSW_1996_1997
219,carlepj99c,GSW,1998,2000,46,113,159,carlepj99c_GSW_1998_2000
220,stjeaga99c,GSW,2000,2000,13,42,55,stjeaga99c_GSW_2000_2000
221,cowenda01c,GSW,2001,2002,25,80,105,cowenda01c_GSW_2001_2002
222,wintebr01c,GSW,2002,2002,13,46,59,wintebr01c_GSW_2002_2002
223,musseer99c,GSW,2003,2004,75,89,164,musseer99c_GSW_2003_2004
224,montgmi99c,GSW,2005,2006,68,96,164,montgmi99c_GSW_2005_2006
225,nelsodo01c,GSW,2007,2010,145,183,328,nelsodo01c_GSW_2007_2010
226,smartke01c,GSW,2011,2011,36,46,82,smartke01c_GSW_2011_2011
227,jacksma01c,GSW,2012,2014,121,109,230,jacksma01c_GSW_2012_2014
228,kerrst01c,GSW,2015,2020,337,138,475,kerrst01c_GSW_2015_2020
229,mcmahja01c,HOU,1968,1970,61,129,190,mcmahja01c_HOU_1968_1970
230,hannual01c,HOU,1970,1971,58,80,138,hannual01c_HOU_1970_1971
231,wintete99c,HOU,1972,1973,51,78,129,wintete99c_HOU_1972_1973
232,eganjo01c,HOU,1973,1976,129,152,281,eganjo01c_HOU_1973_1976
233,nissato99c,HOU,1977,1979,124,122,246,nissato99c_HOU_1977_1979
234,harride99c,HOU,1980,1983,141,187,328,harride99c_HOU_1980_1983
235,fitchbi99c,HOU,1984,1988,216,194,410,fitchbi99c_HOU_1984_1988
236,chanedo01c,HOU,1989,1992,164,134,298,chanedo01c_HOU_1989_1992
237,tomjaru01c,HOU,1992,2003,503,397,900,tomjaru01c_HOU_1992_2003
238,vanguje99c,HOU,2004,2007,182,146,328,vanguje99c_HOU_2004_2007
239,adelmri01c,HOU,2008,2011,193,135,328,adelmri01c_HOU_2008_2011
240,mchalke01c,HOU,2012,2016,193,130,323,mchalke01c_HOU_2012_2016
241,bickejb01c,HOU,2016,2016,37,34,71,bickejb01c_HOU_2016_2016
242,dantomi01c,HOU,2017,2020,213,97,310,dantomi01c_HOU_2017_2020
243,stavela01c,IND,1968,1969,40,47,87,stavela01c_IND_1968_1969
244,leonasl01c,IND,1969,1980,529,456,985,leonasl01c_IND_1969_1980
245,mckinja99c,IND,1981,1984,125,203,328,mckinja99c_IND_1981_1984
246,irvinge01c,IND,1985,1986,48,116,164,irvinge01c_IND_1985_1986
247,ramsaja99c,IND,1987,1989,79,92,171,ramsaja99c_IND_1987_1989
248,danieme01c,IND,1989,1989,0,2,2,danieme01c_IND_1989_1989
249,irvinge01c,IND,1989,1989,6,14,20,irvinge01c_IND_1989_1989
250,versadi99c,IND,1989,1991,73,87,160,versadi99c_IND_1989_1991
251,hillbo99c,IND,1991,1993,113,108,221,hillbo99c_IND_1991_1993
252,brownla01c,IND,1994,1997,190,138,328,brownla01c_IND_1994_1997
253,birdla01c,IND,1998,2000,147,67,214,birdla01c_IND_1998_2000
254,thomais01c,IND,2001,2003,131,115,246,thomais01c_IND_2001_2003
255,carliri01c,IND,2004,2007,181,147,328,carliri01c_IND_2004_2007
256,obrieji99c,IND,2008,2011,121,169,290,obrieji99c_IND_2008_2011
257,vogelfr99c,IND,2011,2016,250,181,431,vogelfr99c_IND_2011_2016
258,mcmilna01c,IND,2017,2020,177,134,311,mcmilna01c_IND_2017_2020
259,schaydo01c,LAC,1971,1972,22,61,83,schaydo01c_LAC_1971_1972
260,mccarjo01c,LAC,1972,1972,22,59,81,mccarjo01c_LAC_1972_1972
261,ramsaja99c,LAC,1973,1976,158,170,328,ramsaja99c_LAC_1973_1976
262,locketa99c,LAC,1977,1977,16,30,46,locketa99c_LAC_1977_1977
263,mackibo99c,LAC,1977,1977,3,4,7,mackibo99c_LAC_1977_1977
264,mullajo01c,LAC,1977,1977,11,18,29,mullajo01c_LAC_1977_1977
265,fitzsco99c,LAC,1978,1978,27,55,82,fitzsco99c_LAC_1978_1978
266,shuege01c,LAC,1979,1980,78,86,164,shuege01c_LAC_1979_1980
267,silaspa01c,LAC,1981,1983,78,168,246,silaspa01c_LAC_1981_1983
268,lynamji99c,LAC,1984,1985,52,91,143,lynamji99c_LAC_1984_1985
269,chanedo01c,LAC,1985,1987,53,132,185,chanedo01c_LAC_1985_1987
270,shuege01c,LAC,1988,1989,27,93,120,shuege01c_LAC_1988_1989
271,caseybo99c,LAC,1989,1990,41,85,126,caseybo99c_LAC_1989_1990
272,schulmi99c,LAC,1991,1992,52,75,127,schulmi99c_LAC_1991_1992
273,calvima01c,LAC,1992,1992,1,1,2,calvima01c_LAC_1992_1992
274,brownla01c,LAC,1992,1993,64,53,117,brownla01c_LAC_1992_1993
275,weissbo01c,LAC,1994,1994,27,55,82,weissbo01c_LAC_1994_1994
276,fitchbi99c,LAC,1995,1998,99,229,328,fitchbi99c_LAC_1995_1998
277,fordch01c,LAC,1999,2000,20,75,95,fordch01c_LAC_1999_2000
278,toddji99c,LAC,2000,2000,4,33,37,toddji99c_LAC_2000_2000
279,gentral99c,LAC,2001,2003,89,133,222,gentral99c_LAC_2001_2003
280,johnsde01c,LAC,2003,2003,8,16,24,johnsde01c_LAC_2003_2003
281,dunlemi01c,LAC,2004,2010,215,326,541,dunlemi01c_LAC_2004_2010
282,hugheki01c,LAC,2010,2010,8,25,33,hugheki01c_LAC_2010_2010
283,delnevi01c,LAC,2011,2013,128,102,230,delnevi01c_LAC_2011_2013
284,riverdo01c,LAC,2014,2020,351,205,556,riverdo01c_LAC_2014_2020
285,kundljo99c,LAL,1949,1957,380,240,620,kundljo99c_LAL_1949_1957
286,mikange01c,LAL,1958,1958,9,30,39,mikange01c_LAL_1958_1958
287,kundljo99c,LAL,1958,1959,43,62,105,kundljo99c_LAL_1958_1959
288,castejo99c,LAL,1960,1960,11,25,36,castejo99c_LAL_1960_1960
289,pollaji01c,LAL,1960,1960,14,25,39,pollaji01c_LAL_1960_1960
290,schaufr01c,LAL,1961,1967,315,245,560,schaufr01c_LAL_1961_1967
291,vanbrbu01c,LAL,1968,1969,107,57,164,vanbrbu01c_LAL_1968_1969
292,mullajo01c,LAL,1970,1971,94,70,164,mullajo01c_LAL_1970_1971
293,sharmbi01c,LAL,1972,1976,246,164,410,sharmbi01c_LAL_1972_1976
294,westje01c,LAL,1977,1979,145,101,246,westje01c_LAL_1977_1979
295,mckinja99c,LAL,1980,1980,10,4,14,mckinja99c_LAL_1980_1980
296,westhpa99c,LAL,1980,1982,111,50,161,westhpa99c_LAL_1980_1982
297,rileypa01c,LAL,1982,1990,533,194,727,rileypa01c_LAL_1982_1990
298,dunlemi01c,LAL,1991,1992,101,63,164,dunlemi01c_LAL_1991_1992
299,pfundra99c,LAL,1993,1994,66,80,146,pfundra99c_LAL_1993_1994
300,bertkbi99c,LAL,1994,1994,1,1,2,bertkbi99c_LAL_1994_1994
301,johnsma02c,LAL,1994,1994,5,11,16,johnsma02c_LAL_1994_1994
302,harride99c,LAL,1995,1999,224,116,340,harride99c_LAL_1995_1999
303,bertkbi99c,LAL,1999,1999,1,0,1,bertkbi99c_LAL_1999_1999
304,rambiku01c,LAL,1999,1999,24,13,37,rambiku01c_LAL_1999_1999
305,jacksph01c,LAL,2000,2004,287,123,410,jacksph01c_LAL_2000_2004
306,tomjaru01c,LAL,2005,2005,24,19,43,tomjaru01c_LAL_2005_2005
307,hamblfr99c,LAL,2005,2005,10,29,39,hamblfr99c_LAL_2005_2005
308,jacksph01c,LAL,2006,2011,323,169,492,jacksph01c_LAL_2006_2011
309,brownmi99c,LAL,2012,2013,42,29,71,brownmi99c_LAL_2012_2013
310,bickebe99c,LAL,2013,2013,4,1,5,bickebe99c_LAL_2013_2013
311,dantomi01c,LAL,2013,2014,67,87,154,dantomi01c_LAL_2013_2014
312,scottby01c,LAL,2015,2016,38,126,164,scottby01c_LAL_2015_2016
313,waltolu01c,LAL,2017,2019,98,148,246,waltolu01c_LAL_2017_2019
314,vogelfr99c,LAL,2020,2020,49,14,63,vogelfr99c_LAL_2020_2020
315,wintebr01c,MEM,1996,1997,23,102,125,wintebr01c_MEM_1996_1997
316,jacksst99c,MEM,1997,1997,6,33,39,jacksst99c_MEM_1997_1997
317,hillbr99c,MEM,1998,2000,31,123,154,hillbr99c_MEM_1998_2000
318,hollili01c,MEM,2000,2000,18,42,60,hollili01c_MEM_2000_2000
319,lowesi01c,MEM,2001,2003,46,126,172,lowesi01c_MEM_2001_2003
320,brownhu99c,MEM,2003,2005,83,85,168,brownhu99c_MEM_2003_2005
321,hollili01c,MEM,2005,2005,0,4,4,hollili01c_MEM_2005_2005
322,fratemi99c,MEM,2005,2007,95,83,178,fratemi99c_MEM_2005_2007
323,baronto99c,MEM,2007,2007,16,36,52,baronto99c_MEM_2007_2007
324,iavarma01c,MEM,2008,2009,33,90,123,iavarma01c_MEM_2008_2009
325,davisjo01c,MEM,2009,2009,0,2,2,davisjo01c_MEM_2009_2009
326,hollili01c,MEM,2009,2013,196,155,351,hollili01c_MEM_2009_2013
327,joergda99c,MEM,2014,2016,147,99,246,joergda99c_MEM_2014_2016
328,fizdada01c,MEM,2017,2018,50,51,101,fizdada01c_MEM_2017_2018
329,bickejb01c,MEM,2018,2019,48,97,145,bickejb01c_MEM_2018_2019
330,jenkita01c,MEM,2020,2020,32,33,65,jenkita01c_MEM_2020_2020
331,rothsro99c,MIA,1989,1991,57,189,246,rothsro99c_MIA_1989_1991
332,loughke01c,MIA,1992,1995,133,159,292,loughke01c_MIA_1992_1995
333,gentral99c,MIA,1995,1995,15,21,36,gentral99c_MIA_1995_1995
334,rileypa01c,MIA,1996,2003,354,270,624,rileypa01c_MIA_1996_2003
335,vangust99c,MIA,2004,2006,112,73,185,vangust99c_MIA_2004_2006
336,rileypa01c,MIA,2006,2008,100,125,225,rileypa01c_MIA_2006_2008
337,spoeler99c,MIA,2009,2020,564,387,951,spoeler99c_MIA_2009_2020
338,costela01c,MIL,1969,1977,410,264,674,costela01c_MIL_1969_1977
339,nelsodo01c,MIL,1977,1987,540,344,884,nelsodo01c_MIL_1977_1987
340,harride99c,MIL,1988,1992,191,154,345,harride99c_MIL_1988_1992
341,hamblfr99c,MIL,1992,1992,23,42,65,hamblfr99c_MIL_1992_1992
342,dunlemi01c,MIL,1993,1996,107,221,328,dunlemi01c_MIL_1993_1996
343,fordch01c,MIL,1997,1998,69,95,164,fordch01c_MIL_1997_1998
344,karlge01c,MIL,1999,2003,205,173,378,karlge01c_MIL_1999_2003
345,portete01c,MIL,2004,2005,71,93,164,portete01c_MIL_2004_2005
346,stottte99c,MIL,2006,2007,63,83,146,stottte99c_MIL_2006_2007
347,krystla01c,MIL,2007,2008,31,69,100,krystla01c_MIL_2007_2008
348,skilesc01c,MIL,2009,2013,162,182,344,skilesc01c_MIL_2009_2013
349,boylaji99c,MIL,2013,2013,22,28,50,boylaji99c_MIL_2013_2013
350,drewla01c,MIL,2014,2014,15,67,82,drewla01c_MIL_2014_2014
351,kiddja01c,MIL,2015,2018,139,152,291,kiddja01c_MIL_2015_2018
352,pruntjo01c,MIL,2018,2018,21,16,37,pruntjo01c_MIL_2018_2018
353,budenmi99c,MIL,2019,2020,113,34,147,budenmi99c_MIL_2019_2020
354,mussebi99c,MIN,1990,1991,51,113,164,mussebi99c_MIN_1990_1991
355,rodgeji99c,MIN,1992,1993,21,90,111,rodgeji99c_MIN_1992_1993
356,lowesi01c,MIN,1993,1994,33,102,135,lowesi01c_MIN_1993_1994
357,blairbi99c,MIN,1995,1996,27,75,102,blairbi99c_MIN_1995_1996
358,saundfl99c,MIN,1996,2005,411,326,737,saundfl99c_MIN_1996_2005
359,mchalke01c,MIN,2005,2005,19,12,31,mchalke01c_MIN_2005_2005
360,caseydw99c,MIN,2006,2007,53,69,122,caseydw99c_MIN_2006_2007
361,wittmra01c,MIN,2007,2009,38,105,143,wittmra01c_MIN_2007_2009
362,mchalke01c,MIN,2009,2009,20,43,63,mchalke01c_MIN_2009_2009
363,rambiku01c,MIN,2010,2011,32,132,164,rambiku01c_MIN_2010_2011
364,adelmri01c,MIN,2012,2014,97,133,230,adelmri01c_MIN_2012_2014
365,saundfl99c,MIN,2015,2015,16,66,82,saundfl99c_MIN_2015_2015
366,mitchsa01c,MIN,2016,2016,29,53,82,mitchsa01c_MIN_2016_2016
367,thiboto99c,MIN,2017,2019,97,107,204,thiboto99c_MIN_2017_2019
368,saundry01c,MIN,2019,2020,36,70,106,saundry01c_MIN_2019_2020
369,hartedi99c,NOH,1989,1990,28,94,122,hartedi99c_NOH_1989_1990
370,littlge01c,NOH,1990,1991,37,87,124,littlge01c_NOH_1990_1991
371,bristal01c,NOH,1992,1996,207,203,410,bristal01c_NOH_1992_1996
372,cowenda01c,NOH,1997,1999,109,70,179,cowenda01c_NOH_1997_1999
373,silaspa01c,NOH,1999,2003,208,155,363,silaspa01c_NOH_1999_2003
374,floydti99c,NOH,2004,2004,41,41,82,floydti99c_NOH_2004_2004
375,scottby01c,NOH,2005,2010,203,216,419,scottby01c_NOH_2005_2010
376,bowerje99c,NOH,2010,2010,34,39,73,bowerje99c_NOH_2010_2010
377,willimo01c,NOH,2011,2015,173,221,394,willimo01c_NOH_2011_2015
378,gentral99c,NOH,2016,2020,173,219,392,gentral99c_NOH_2016_2020
379,cohalne99c,NYK,1947,1947,33,27,60,cohalne99c_NYK_1947_1947
380,lapchjo99c,NYK,1948,1956,326,247,573,lapchjo99c_NYK_1948_1956
381,borylvi01c,NYK,1956,1958,80,85,165,borylvi01c_NYK_1956_1958
382,levanan01c,NYK,1959,1960,48,51,99,levanan01c_NYK_1959_1960
383,braunca01c,NYK,1960,1961,40,87,127,braunca01c_NYK_1960_1961
384,donoved99c,NYK,1962,1965,84,194,278,donoved99c_NYK_1962_1965
385,gallaha01c,NYK,1965,1966,25,38,63,gallaha01c_NYK_1965_1966
386,mcguidi01c,NYK,1966,1968,75,103,178,mcguidi01c_NYK_1966_1968
387,holzmre01c,NYK,1968,1977,466,316,782,holzmre01c_NYK_1968_1977
388,reedwi01c,NYK,1978,1979,49,47,96,reedwi01c_NYK_1978_1979
389,holzmre01c,NYK,1979,1982,147,167,314,holzmre01c_NYK_1979_1982
390,brownhu99c,NYK,1983,1987,142,202,344,brownhu99c_NYK_1983_1987
391,hillbo99c,NYK,1987,1987,20,46,66,hillbo99c_NYK_1987_1987
392,pitinri99c,NYK,1988,1989,90,74,164,pitinri99c_NYK_1988_1989
393,jacksst99c,NYK,1990,1991,52,45,97,jacksst99c_NYK_1990_1991
394,maclejo99c,NYK,1991,1991,32,35,67,maclejo99c_NYK_1991_1991
395,rileypa01c,NYK,1992,1995,223,105,328,rileypa01c_NYK_1992_1995
396,nelsodo01c,NYK,1996,1996,34,25,59,nelsodo01c_NYK_1996_1996
397,vanguje99c,NYK,1996,2002,248,172,420,vanguje99c_NYK_1996_2002
398,chanedo01c,NYK,2002,2004,72,112,184,chanedo01c_NYK_2002_2004
399,willihe01c,NYK,2004,2004,1,0,1,willihe01c_NYK_2004_2004
400,wilkele01c,NYK,2004,2005,40,41,81,wilkele01c_NYK_2004_2005
401,willihe01c,NYK,2005,2005,16,27,43,willihe01c_NYK_2005_2005
402,brownla01c,NYK,2006,2006,23,59,82,brownla01c_NYK_2006_2006
403,thomais01c,NYK,2007,2008,56,108,164,thomais01c_NYK_2007_2008
404,dantomi01c,NYK,2009,2012,121,167,288,dantomi01c_NYK_2009_2012
405,woodsmi01c,NYK,2012,2014,109,79,188,woodsmi01c_NYK_2012_2014
406,fishede01c,NYK,2015,2016,40,96,136,fishede01c_NYK_2015_2016
407,rambiku01c,NYK,2016,2016,9,19,28,rambiku01c_NYK_2016_2016
408,hornaje01c,NYK,2017,2018,60,104,164,hornaje01c_NYK_2017_2018
409,fizdada01c,NYK,2019,2020,21,83,104,fizdada01c_NYK_2019_2020
410,millemi99c,NYK,2020,2020,17,27,44,millemi99c_NYK_2020_2020
411,biancal01c,OKC,1968,1969,53,111,164,biancal01c_OKC_1968_1969
412,wilkele01c,OKC,1970,1972,121,125,246,wilkele01c_OKC_1970_1972
413,nissato99c,OKC,1973,1973,13,32,45,nissato99c_OKC_1973_1973
414,buckwbu99c,OKC,1973,1973,13,24,37,buckwbu99c_OKC_1973_1973
415,russebi01c,OKC,1974,1977,162,166,328,russebi01c_OKC_1974_1977
416,hopkibo01c,OKC,1978,1978,5,17,22,hopkibo01c_OKC_1978_1978
417,wilkele01c,OKC,1978,1985,357,277,634,wilkele01c_OKC_1978_1985
418,bickebe99c,OKC,1986,1990,202,208,410,bickebe99c_OKC_1986_1990
419,joneskc01c,OKC,1991,1992,59,59,118,joneskc01c_OKC_1991_1992
420,kloppbo99c,OKC,1992,1992,2,2,4,kloppbo99c_OKC_1992_1992
421,karlge01c,OKC,1992,1998,384,150,534,karlge01c_OKC_1992_1998
422,westppa01c,OKC,1999,2001,76,71,147,westppa01c_OKC_1999_2001
423,mcmilna01c,OKC,2001,2005,212,183,395,mcmilna01c_OKC_2001_2005
424,weissbo01c,OKC,2006,2006,13,17,30,weissbo01c_OKC_2006_2006
425,hillbo99c,OKC,2006,2007,53,81,134,hillbo99c_OKC_2006_2007
426,carlepj99c,OKC,2008,2009,21,74,95,carlepj99c_OKC_2008_2009
427,brooksc01c,OKC,2009,2015,338,207,545,brooksc01c_OKC_2009_2015
428,donovbi99c,OKC,2016,2020,239,153,392,donovbi99c_OKC_2016_2020
429,guokama02c,ORL,1990,1993,111,217,328,guokama02c_ORL_1990_1993
430,hillbr99c,ORL,1994,1997,191,104,295,hillbr99c_ORL_1994_1997
431,adubari99c,ORL,1997,1997,21,12,33,adubari99c_ORL_1997_1997
432,dalych99c,ORL,1998,1999,74,58,132,dalych99c_ORL_1998_1999
433,riverdo01c,ORL,2000,2004,171,168,339,riverdo01c_ORL_2000_2004
434,davisjo01c,ORL,2004,2005,51,84,135,davisjo01c_ORL_2004_2005
435,jentch01c,ORL,2005,2005,5,13,18,jentch01c_ORL_2005_2005
436,hillbr99c,ORL,2006,2007,76,88,164,hillbr99c_ORL_2006_2007
437,vangust99c,ORL,2008,2012,259,135,394,vangust99c_ORL_2008_2012
438,vaughja01c,ORL,2013,2015,58,158,216,vaughja01c_ORL_2013_2015
439,borreja99c,ORL,2015,2015,10,20,30,borreja99c_ORL_2015_2015
440,skilesc01c,ORL,2016,2016,35,47,82,skilesc01c_ORL_2016_2016
441,vogelfr99c,ORL,2017,2018,54,110,164,vogelfr99c_ORL_2017_2018
442,cliffst99c,ORL,2019,2020,72,75,147,cliffst99c_ORL_2019_2020
443,cervial01c,PHI,1950,1957,294,201,495,cervial01c_PHI_1950_1957
444,seymopa01c,PHI,1957,1960,155,124,279,seymopa01c_PHI_1957_1960
445,hannual01c,PHI,1961,1963,127,112,239,hannual01c_PHI_1961_1963
446,schaydo01c,PHI,1964,1966,129,111,240,schaydo01c_PHI_1964_1966
447,hannual01c,PHI,1967,1968,130,33,163,hannual01c_PHI_1967_1968
448,ramsaja99c,PHI,1969,1972,174,154,328,ramsaja99c_PHI_1969_1972
449,rubinro99c,PHI,1973,1973,4,47,51,rubinro99c_PHI_1973_1973
450,loughke01c,PHI,1973,1973,5,26,31,loughke01c_PHI_1973_1973
451,shuege01c,PHI,1974,1978,157,177,334,shuege01c_PHI_1974_1978
452,cunnibi01c,PHI,1978,1985,454,196,650,cunnibi01c_PHI_1978_1985
453,guokama02c,PHI,1986,1988,119,88,207,guokama02c_PHI_1986_1988
454,lynamji99c,PHI,1988,1992,194,173,367,lynamji99c_PHI_1988_1992
455,moedo01c,PHI,1993,1993,19,37,56,moedo01c_PHI_1993_1993
456,cartefr01c,PHI,1993,1994,32,76,108,cartefr01c_PHI_1993_1994
457,lucasjo01c,PHI,1995,1996,42,122,164,lucasjo01c_PHI_1995_1996
458,davisjo01c,PHI,1997,1997,22,60,82,davisjo01c_PHI_1997_1997
459,brownla01c,PHI,1998,2003,255,205,460,brownla01c_PHI_1998_2003
460,ayersra99c,PHI,2004,2004,21,31,52,ayersra99c_PHI_2004_2004
461,fordch01c,PHI,2004,2004,12,18,30,fordch01c_PHI_2004_2004
462,obrieji99c,PHI,2005,2005,43,39,82,obrieji99c_PHI_2005_2005
463,cheekma01c,PHI,2006,2009,122,147,269,cheekma01c_PHI_2006_2009
464,dileoto99c,PHI,2009,2009,32,27,59,dileoto99c_PHI_2009_2009
465,jordaed01c,PHI,2010,2010,27,55,82,jordaed01c_PHI_2010_2010
466,collido01c,PHI,2011,2013,110,120,230,collido01c_PHI_2011_2013
467,brownbr99c,PHI,2014,2020,217,340,557,brownbr99c_PHI_2014_2020
468,kerrre01c,PHO,1969,1970,31,89,120,kerrre01c_PHO_1969_1970
469,colanje99c,PHO,1970,1970,24,20,44,colanje99c_PHO_1970_1970
470,fitzsco99c,PHO,1971,1972,97,67,164,fitzsco99c_PHO_1971_1972
471,vanbrbu01c,PHO,1973,1973,3,4,7,vanbrbu01c_PHO_1973_1973
472,colanje99c,PHO,1973,1973,35,40,75,colanje99c_PHO_1973_1973
473,maclejo99c,PHO,1974,1987,579,543,1122,maclejo99c_PHO_1974_1987
474,vanardi01c,PHO,1987,1987,14,12,26,vanardi01c_PHO_1987_1987
475,wetzejo01c,PHO,1988,1988,28,54,82,wetzejo01c_PHO_1988_1988
476,fitzsco99c,PHO,1989,1992,217,111,328,fitzsco99c_PHO_1989_1992
477,westppa01c,PHO,1993,1996,191,88,279,westppa01c_PHO_1993_1996
478,fitzsco99c,PHO,1996,1997,27,30,57,fitzsco99c_PHO_1996_1997
479,aingeda01c,PHO,1997,2000,136,90,226,aingeda01c_PHO_1997_2000
480,skilesc01c,PHO,2000,2002,116,79,195,skilesc01c_PHO_2000_2002
481,johnsfr01c,PHO,2002,2004,63,71,134,johnsfr01c_PHO_2002_2004
482,dantomi01c,PHO,2004,2008,253,136,389,dantomi01c_PHO_2004_2008
483,portete01c,PHO,2009,2009,28,23,51,portete01c_PHO_2009_2009
484,gentral99c,PHO,2009,2013,158,144,302,gentral99c_PHO_2009_2013
485,hunteli01c,PHO,2013,2013,12,29,41,hunteli01c_PHO_2013_2013
486,hornaje01c,PHO,2014,2016,101,112,213,hornaje01c_PHO_2014_2016
487,watsoea01c,PHO,2016,2018,33,85,118,watsoea01c_PHO_2016_2018
488,trianja99c,PHO,2018,2018,21,58,79,trianja99c_PHO_2018_2018
489,kokosig01c,PHO,2019,2019,19,63,82,kokosig01c_PHO_2019_2019
490,willimo01c,PHO,2020,2020,26,39,65,willimo01c_PHO_2020_2020
491,toddro99c,POR,1971,1972,41,97,138,toddro99c_POR_1971_1972
492,inmanst99c,POR,1972,1972,6,20,26,inmanst99c_POR_1972_1972
493,mccloja01d,POR,1973,1974,48,116,164,mccloja01d_POR_1973_1974
494,wilkele01c,POR,1975,1976,75,89,164,wilkele01c_POR_1975_1976
495,ramsaja99c,POR,1977,1986,453,367,820,ramsaja99c_POR_1977_1986
496,schulmi99c,POR,1987,1989,127,84,211,schulmi99c_POR_1987_1989
497,adelmri01c,POR,1989,1994,291,154,445,adelmri01c_POR_1989_1994
498,carlepj99c,POR,1995,1997,137,109,246,carlepj99c_POR_1995_1997
499,dunlemi01c,POR,1998,2001,190,106,296,dunlemi01c_POR_1998_2001
500,cheekma01c,POR,2002,2005,162,139,301,cheekma01c_POR_2002_2005
501,pritcke01c,POR,2005,2005,5,22,27,pritcke01c_POR_2005_2005
502,mcmilna01c,POR,2006,2012,266,269,535,mcmilna01c_POR_2006_2012
503,canalka99c,POR,2012,2012,8,15,23,canalka99c_POR_2012_2012
504,stottte99c,POR,2013,2020,354,286,640,stottte99c_POR_2013_2020
505,harrile99c,SAC,1949,1955,295,181,476,harrile99c_SAC_1949_1955
506,wanzebo01c,SAC,1956,1959,98,136,234,wanzebo01c_SAC_1956_1959
507,marshto01c,SAC,1959,1960,35,94,129,marshto01c_SAC_1959_1960
508,wolfch99c,SAC,1961,1963,118,121,239,wolfch99c_SAC_1961_1963
509,mcmahja01c,SAC,1964,1967,187,134,321,mcmahja01c_SAC_1964_1967
510,juckeed99c,SAC,1968,1969,80,84,164,juckeed99c_SAC_1968_1969
511,cousybo01c,SAC,1970,1974,141,207,348,cousybo01c_SAC_1970_1974
512,youngdr99c,SAC,1974,1974,0,4,4,youngdr99c_SAC_1974_1974
513,johnsph99c,SAC,1974,1978,155,186,341,johnsph99c_SAC_1974_1978
514,stavela01c,SAC,1978,1978,18,27,45,stavela01c_SAC_1978_1978
515,fitzsco99c,SAC,1979,1984,248,244,492,fitzsco99c_SAC_1979_1984
516,mckinja99c,SAC,1985,1985,1,8,9,mckinja99c_SAC_1985_1985
517,johnsph99c,SAC,1985,1987,81,120,201,johnsph99c_SAC_1985_1987
518,reynoje99c,SAC,1987,1987,15,21,36,reynoje99c_SAC_1987_1987
519,russebi01c,SAC,1988,1988,17,41,58,russebi01c_SAC_1988_1988
520,reynoje99c,SAC,1988,1990,41,93,134,reynoje99c_SAC_1988_1990
521,mottadi99c,SAC,1990,1992,48,113,161,mottadi99c_SAC_1990_1992
522,hughere99c,SAC,1992,1992,22,35,57,hughere99c_SAC_1992_1992
523,stjeaga99c,SAC,1993,1997,159,236,395,stjeaga99c_SAC_1993_1997
524,jordaed01c,SAC,1997,1998,33,64,97,jordaed01c_SAC_1997_1998
525,adelmri01c,SAC,1999,2006,395,229,624,adelmri01c_SAC_1999_2006
526,musseer99c,SAC,2007,2007,33,49,82,musseer99c_SAC_2007_2007
527,theusre01c,SAC,2008,2009,44,62,106,theusre01c_SAC_2008_2009
528,nattke01c,SAC,2009,2009,11,47,58,nattke01c_SAC_2009_2009
529,westppa01c,SAC,2010,2012,51,120,171,westppa01c_SAC_2010_2012
530,smartke01c,SAC,2012,2013,48,93,141,smartke01c_SAC_2012_2013
531,malonmi99c,SAC,2014,2015,39,67,106,malonmi99c_SAC_2014_2015
532,corbity01c,SAC,2015,2015,7,21,28,corbity01c_SAC_2015_2015
533,karlge01c,SAC,2015,2016,44,68,112,karlge01c_SAC_2015_2016
534,joergda99c,SAC,2017,2019,98,148,246,joergda99c_SAC_2017_2019
535,waltolu01c,SAC,2020,2020,28,36,64,waltolu01c_SAC_2020_2020
536,hagancl01c,SAS,1968,1970,109,90,199,hagancl01c_SAS_1968_1970
537,willima99c,SAS,1970,1971,28,32,60,willima99c_SAS_1970_1971
538,blakebi99c,SAS,1971,1971,25,40,65,blakebi99c_SAS_1971_1971
539,nissato99c,SAS,1972,1972,42,42,84,nissato99c_SAS_1972_1972
540,mccarba99c,SAS,1973,1973,24,48,72,mccarba99c_SAS_1973_1973
541,brownda99c,SAS,1973,1973,4,8,12,brownda99c_SAS_1973_1973
542,nissato99c,SAS,1974,1975,63,49,112,nissato99c_SAS_1974_1975
543,bassbo99c,SAS,1975,1976,83,57,140,bassbo99c_SAS_1975_1976
544,moedo01c,SAS,1977,1980,177,135,312,moedo01c_SAS_1977_1980
545,bassbo99c,SAS,1980,1980,8,8,16,bassbo99c_SAS_1980_1980
546,albecst99c,SAS,1981,1983,153,93,246,albecst99c_SAS_1981_1983
547,mchonmo99c,SAS,1984,1984,11,20,31,mchonmo99c_SAS_1984_1984
548,bassbo99c,SAS,1984,1984,26,25,51,bassbo99c_SAS_1984_1984
549,fitzsco99c,SAS,1985,1986,76,88,164,fitzsco99c_SAS_1985_1986
550,weissbo01c,SAS,1987,1988,59,105,164,weissbo01c_SAS_1987_1988
551,brownla01c,SAS,1989,1992,153,131,284,brownla01c_SAS_1989_1992
552,bassbo99c,SAS,1992,1992,26,18,44,bassbo99c_SAS_1992_1992
553,tarkaje99c,SAS,1993,1993,9,11,20,tarkaje99c_SAS_1993_1993
554,hughere99c,SAS,1993,1993,1,0,1,hughere99c_SAS_1993_1993
555,lucasjo01c,SAS,1993,1994,94,49,143,lucasjo01c_SAS_1993_1994
556,hillbo99c,SAS,1995,1997,124,58,182,hillbo99c_SAS_1995_1997
557,popovgr99c,SAS,1997,2020,1272,611,1883,popovgr99c_SAS_1997_2020
558,malonbr99c,TOR,1996,1996,21,61,82,malonbr99c_TOR_1996_1996
559,walkeda01c,TOR,1997,1998,41,90,131,walkeda01c_TOR_1997_1998
560,cartebu01c,TOR,1998,2000,73,92,165,cartebu01c_TOR_1998_2000
561,wilkele01c,TOR,2001,2003,113,133,246,wilkele01c_TOR_2001_2003
562,oneilke99c,TOR,2004,2004,33,49,82,oneilke99c_TOR_2004_2004
563,mitchsa01c,TOR,2005,2009,156,189,345,mitchsa01c_TOR_2005_2009
564,trianja99c,TOR,2009,2011,87,142,229,trianja99c_TOR_2009_2011
565,caseydw99c,TOR,2012,2018,320,238,558,caseydw99c_TOR_2012_2018
566,nurseni01c,TOR,2019,2020,104,42,146,nurseni01c_TOR_2019_2020
567,robersc99c,UTA,1975,1975,1,14,15,robersc99c_UTA_1975_1975
568,bayloel01c,UTA,1975,1975,0,1,1,bayloel01c_UTA_1975_1975
569,vanbrbu01c,UTA,1975,1977,74,100,174,vanbrbu01c_UTA_1975_1977
570,bayloel01c,UTA,1977,1979,86,134,220,bayloel01c_UTA_1977_1979
571,nissato99c,UTA,1980,1982,60,124,184,nissato99c_UTA_1980_1982
572,laydefr99c,UTA,1982,1989,277,294,571,laydefr99c_UTA_1982_1989
573,sloanje01c,UTA,1989,2011,1127,682,1809,sloanje01c_UTA_1989_2011
574,corbity01c,UTA,2011,2014,112,146,258,corbity01c_UTA_2011_2014
575,snydequ01c,UTA,2015,2020,268,206,474,snydequ01c_UTA_2015_2020
576,pollaji01c,WAS,1962,1962,18,62,80,pollaji01c_WAS_1962_1962
577,mcmahja01c,WAS,1963,1963,12,26,38,mcmahja01c_WAS_1963_1963
578,leonasl01c,WAS,1963,1964,44,78,122,leonasl01c_WAS_1963_1964
579,jeannbu01c,WAS,1965,1965,37,43,80,jeannbu01c_WAS_1965_1965
580,seymopa01c,WAS,1966,1966,38,42,80,seymopa01c_WAS_1966_1966
581,farmemi01c,WAS,1967,1967,1,8,9,farmemi01c_WAS_1967_1967
582,jeannbu01c,WAS,1967,1967,3,13,16,jeannbu01c_WAS_1967_1967
583,shuege01c,WAS,1967,1973,291,257,548,shuege01c_WAS_1967_1973
584,joneskc01c,WAS,1974,1976,155,91,246,joneskc01c_WAS_1974_1976
585,mottadi99c,WAS,1977,1980,185,143,328,mottadi99c_WAS_1977_1980
586,shuege01c,WAS,1981,1986,231,248,479,shuege01c_WAS_1981_1986
587,loughke01c,WAS,1986,1988,57,65,122,loughke01c_WAS_1986_1988
588,unselwe01c,WAS,1988,1994,202,345,547,unselwe01c_WAS_1988_1994
589,lynamji99c,WAS,1995,1997,82,128,210,lynamji99c_WAS_1995_1997
590,staakbo99c,WAS,1997,1997,0,1,1,staakbo99c_WAS_1997_1997
591,bickebe99c,WAS,1997,1999,77,72,149,bickebe99c_WAS_1997_1999
592,broveji99c,WAS,1999,1999,5,13,18,broveji99c_WAS_1999_1999
593,heardga01c,WAS,2000,2000,14,30,44,heardga01c_WAS_2000_2000
594,walkeda01c,WAS,2000,2000,15,23,38,walkeda01c_WAS_2000_2000
595,hamille99c,WAS,2001,2001,19,63,82,hamille99c_WAS_2001_2001
596,collido01c,WAS,2002,2003,74,90,164,collido01c_WAS_2002_2003
597,jordaed01c,WAS,2004,2009,197,224,421,jordaed01c_WAS_2004_2009
598,tapsced99c,WAS,2009,2009,18,53,71,tapsced99c_WAS_2009_2009
599,saundfl99c,WAS,2010,2012,51,130,181,saundfl99c_WAS_2010_2012
600,wittmra01c,WAS,2012,2016,178,199,377,wittmra01c_WAS_2012_2016
601,brooksc01c,WAS,2017,2020,148,162,310,brooksc01c_WAS_2017_2020
