slug,coach,coach_id,ending,total_games,total_wins,total_losses,start_rating,end_rating,improvement,top,bottom,middle,last_improvement
krugelo99c|00|02|ATL,Lon Kruger,krugelo99c,fired,191.0,69.0,122.0,1354.0496,1424.825,70.7754,1498.4465,1323.6061,1378.7457,-12.1864
stottte99c|02|04|ATL,Terry Stotts,stottte99c,fired,137.0,52.0,85.0,1431.2126,1404.5249,-26.6877,1454.663,1351.4229,1405.3073,-45.4351
woodsmi01c|04|10|ATL,Mike Woodson,woodsmi01c,fired,493.0,206.0,287.0,1416.4968,1625.6738,209.177,1625.6738,1201.6516,1411.4112,113.4293
drewla01c|10|13|ATL,Larry Drew,drewla01c,fired,230.0,128.0,102.0,1577.6614,1481.6061,-96.0553,1608.431,1434.7014,1535.0348,-51.1603
budenmi99c|13|17|ATL,Mike Budenholzer,budenmi99c,,356.0,195.0,161.0,1479.5092,1372.67132552,-106.83787448,1701.1826,1372.67132552,1520.06540695,-122.96906108
pitinri99c|00|01|BOS,Rick Pitino,pitinri99c,resigned,34.0,12.0,22.0,1509.4957,1372.3759,-137.1198,1512.2125,1372.3759,1459.2376,-137.1198
obrieji99c|01|04|BOS,Jim O'Brien,obrieji99c,resigned,258.0,139.0,119.0,1368.3331,1460.3439,92.0108,1583.9977,1368.0797,1498.51575,-28.9168
carrojo99c|04|04|BOS,John Carroll,carrojo99c,interim only,36.0,14.0,22.0,1455.3578,1436.0353,-19.3225,1476.1962,1394.7057,1438.9231,-19.3225
riverdo01c|04|13|BOS,Doc Rivers,riverdo01c,traded,721.0,416.0,305.0,1428.2878,1476.7135,48.4257,1759.5787,1315.4176,1555.0391,-109.3986
stevebr99c|13|17|BOS,Brad Stevens,stevebr99c,,358.0,190.0,168.0,1479.785,1610.40299717,130.61799717,1638.87069063,1324.3323,1527.20228041,80.07236226
bickebe99c|04|07|CHARBH,Bernie Bickerstaff,bickebe99c,resigned,246.0,77.0,169.0,1291.4047,1453.3801,161.9754,1460.2728,1249.2513,1352.2937,51.2853
vincesa01c|07|08|CHARBH,Sam Vincent,vincesa01c,fired,82.0,32.0,50.0,1468.5905,1448.1293,-20.4612,1475.364,1361.703,1417.98075,-20.4612
brownla01c|08|10|CHARBH,Larry Brown,brownla01c,resigned,192.0,88.0,104.0,1455.7322,1413.6558,-42.0764,1565.4674,1399.3179,1479.40885,-103.5059
silaspa01c|10|12|CHARBH,Paul Silas,silaspa01c,fired,120.0,32.0,88.0,1417.8059,1151.7163,-266.0896,1478.6658,1151.7163,1395.04655,-274.3224
dunlami99c|12|13|CHARBH,Mike Dunlap,dunlami99c,fired,82.0,21.0,61.0,1247.7948,1301.5607,53.7659,1301.5607,1216.9727,1260.7163,53.7659
cliffst99c|13|17|CHARBH,Steve Clifford,cliffst99c,,355.0,170.0,185.0,1349.5021,1447.03536143,97.53326143,1585.31446601,1346.3245,1478.6188,-17.84336031
floydti99c|00|01|CHI,Tim Floyd,floydti99c,resigned,107.0,19.0,88.0,1316.6208,1275.3021,-41.3187,1316.6208,1217.8412,1272.5103,-30.5185
berrybi99c|01|01|CHI,Bill Berry,berrybi99c,interim only,2.0,0.0,2.0,1267.452,1266.0724,-1.3796,1267.452,1266.0724,1266.7622,-1.3796
cartwbi01c|01|03|CHI,Bill Cartwright,cartwbi01c,fired,151.0,51.0,100.0,1287.0028,1369.0933,82.0905,1403.8654,1248.4794,1350.351,-26.5285
myerspe01c|03|03|CHI,Pete Myers,myerspe01c,interim only,2.0,0.0,2.0,1365.7639,1364.3323,-1.4316,1365.7639,1364.3323,1365.0481,-1.4316
skilesc01c|03|07|CHI,Scott Skiles,skilesc01c,fired,337.0,165.0,172.0,1376.5052,1488.9171,112.4119,1629.861,1311.1244,1504.3684,-103.6476
myerspe01c|07|07|CHI,Pete Myers,myerspe01c,interim only,1.0,0.0,1.0,1485.0935,1485.0935,0.0,1485.0935,1485.0935,1485.0935,0.0
boylaji99c|07|08|CHI,Jim Boylan,boylaji99c,interim only,56.0,24.0,32.0,1487.7196,1431.8398,-55.8798,1505.9056,1409.0687,1461.5282,-55.8798
delnevi01c|08|10|CHI,Vinny Del Negro,delnevi01c,fired,164.0,82.0,82.0,1454.8381,1497.7133,42.8752,1544.4406,1394.5201,1468.44415,-29.879
thiboto99c|10|15|CHI,Tom Thibodeau,thiboto99c,fired,394.0,255.0,139.0,1486.006,1583.3149,97.3089,1712.2321,1461.2953,1567.7587,11.1546
hoibefr99c|15|17|CHI,Fred Hoiberg,hoibefr99c,,191.0,90.0,101.0,1573.94410811,1423.69812146,-150.24598665,1587.19087993,1368.27010733,1484.8673477,-64.58716729
wittmra01c|00|01|CLE,Randy Wittman,wittmra01c,fired,82.0,30.0,52.0,1443.5634,1375.1858,-68.3776,1499.5048,1331.0291,1442.5051,-68.3776
lucasjo01c|01|03|CLE,John Lucas,lucasjo01c,fired,124.0,37.0,87.0,1389.6302,1299.1831,-90.4471,1451.7966,1299.1831,1383.30865,-123.2466
smartke01c|03|03|CLE,Keith Smart,smartke01c,interim only,40.0,9.0,31.0,1291.7473,1284.4954,-7.2519,1295.291,1226.9785,1273.4794,-7.2519
silaspa01c|03|05|CLE,Paul Silas,silaspa01c,fired,146.0,69.0,77.0,1337.8445,1465.1541,127.3096,1537.0018,1323.4045,1430.8451,20.0503
malonbr99c|05|05|CLE,Brendan Malone,malonbr99c,interim only,18.0,8.0,10.0,1482.4008,1461.7094,-20.6914,1482.4008,1436.2607,1455.9409,-20.6914
brownmi99c|05|10|CLE,Mike Brown,brownmi99c,fired,410.0,272.0,138.0,1480.5029,1701.4937,220.9908,1762.7637,1470.3197,1565.9216,31.928
scottby01c|10|13|CLE,Byron Scott,scottby01c,fired,230.0,64.0,166.0,1617.5342,1324.0431,-293.4911,1617.5342,1266.4852,1354.10465,-33.4717
brownmi99c|13|14|CLE,Mike Brown,brownmi99c,fired,82.0,33.0,49.0,1377.5465,1449.9618,72.4153,1468.439,1330.8328,1374.9582,72.4153
blattda99c|14|16|CLE,David Blatt,blattda99c,fired,123.0,83.0,40.0,1455.226,1669.30270511,214.07670511,1682.34676828,1431.6313,1610.2965,28.39841322
luety01c|16|17|CLE,Tyronn Lue,luety01c,,152.0,99.0,53.0,1644.54531032,1637.12628845,-7.41902187,1711.33228941,1536.76372588,1648.54265164,-13.00289581
nelsodo01c|00|05|DAL,Don Nelson,nelsodo01c,resigned,392.0,264.0,128.0,1545.2712,1596.7612,51.49,1725.7023,1505.4712,1617.6858,-5.2898
johnsav01c|05|08|DAL,Avery Johnson,johnsav01c,fired,264.0,194.0,70.0,1597.9155,1608.4191,10.5036,1773.131,1582.941,1647.64775,-32.0497
carliri01c|08|17|DAL,Rick Carlisle,carliri01c,,751.0,421.0,330.0,1550.8833,1443.98661,-106.89669,1675.6311,1379.84765632,1560.6396,12.0265334
isselda01c|00|01|DEN,Dan Issel,isselda01c,resigned,108.0,49.0,59.0,1432.5206,1427.5159,-5.0047,1542.9404,1419.9487,1457.84215,-51.269
evansmi01c|01|02|DEN,Mike Evans,evansmi01c,interim only,56.0,18.0,38.0,1423.4229,1378.79,-44.6329,1434.5573,1334.2935,1389.43955,-44.6329
bzdelje99c|02|04|DEN,Jeff Bzdelik,bzdelje99c,fired,192.0,73.0,119.0,1407.3954,1476.1049,68.7095,1543.9059,1271.3607,1432.7535,-53.7276
coopemi01c|04|05|DEN,Michael Cooper,coopemi01c,interim only,14.0,4.0,10.0,1480.8812,1453.043,-27.8382,1480.8812,1435.7089,1457.6456,-27.8382
karlge01c|05|13|DEN,George Karl,karlge01c,fired,680.0,423.0,257.0,1463.1234,1693.4648,230.3414,1697.6748,1461.2112,1577.2667,124.734
shawbr01c|13|15|DEN,Brian Shaw,shawbr01c,fired,141.0,56.0,85.0,1608.2377,1353.3379,-254.8998,1634.8601,1353.3379,1480.5558,-124.3752
huntme01c|15|15|DEN,Melvin Hunt,huntme01c,interim only,23.0,10.0,13.0,1366.9797,1422.3618,55.3821,1443.4148,1366.9797,1422.3618,55.3821
malonmi99c|15|17|DEN,Mike Malone,malonmi99c,,192.0,88.0,104.0,1477.81096361,1534.05271176,56.24174815,1555.55825207,1404.07856056,1454.99760099,-0.18397891
irvinge01c|00|01|DET,George Irvine,irvinge01c,fired,82.0,32.0,50.0,1529.743,1436.8629,-92.8801,1529.743,1381.9542,1431.0401,-92.8801
carliri01c|01|03|DET,Rick Carlisle,carliri01c,fired,164.0,100.0,64.0,1451.0946,1559.5148,108.4202,1650.4094,1447.7196,1559.27345,21.1607
brownla01c|03|05|DET,Larry Brown,brownla01c,fired,164.0,108.0,56.0,1537.6965,1612.8612,75.1647,1684.1008,1537.6965,1593.6044,-53.0369
saundfl99c|05|08|DET,Flip Saunders,saundfl99c,fired,246.0,176.0,70.0,1648.1444,1652.2416,4.0972,1743.0873,1554.7963,1651.82015,34.9103
currymi01c|08|09|DET,Michael Curry,currymi01c,fired,82.0,39.0,43.0,1614.9929,1482.2754,-132.7175,1644.7262,1458.3712,1523.8296,-132.7175
kuestjo01c|09|11|DET,John Kuester,kuestjo01c,fired,164.0,57.0,107.0,1493.4908,1396.1702,-97.3206,1493.4908,1304.4897,1384.0755,9.281
frankla99c|11|13|DET,Lawrence Frank,frankla99c,fired,148.0,54.0,94.0,1417.2306,1372.494,-44.7366,1460.7504,1315.127,1399.6486,-47.6601
cheekma01c|13|14|DET,Maurice Cheeks,cheekma01c,fired,50.0,21.0,29.0,1414.9327,1411.3859,-3.5468,1477.7844,1380.4509,1413.62955,-3.5468
loyerjo99c|14|14|DET,John Loyer,loyerjo99c,interim only,32.0,8.0,24.0,1426.5536,1350.7325,-75.8211,1426.5536,1347.1415,1378.74215,-75.8211
vangust99c|14|17|DET,Stan Van Gundy,vangust99c,,274.0,128.0,146.0,1384.6356,1483.81046948,99.17486948,1587.83970629,1292.5706,1487.12257091,18.81780682
cowenda01c|00|01|GSW,Dave Cowens,cowenda01c,fired,105.0,25.0,80.0,1354.5343,1327.163,-27.3713,1389.1722,1218.1012,1337.4308,38.6692
wintebr01c|01|02|GSW,Brian Winters,wintebr01c,interim only,59.0,13.0,46.0,1334.3229,1320.8221,-13.5008,1379.8127,1285.045,1328.7627,-13.5008
musseer99c|02|04|GSW,Eric Musselman,musseer99c,fired,164.0,75.0,89.0,1382.5889,1499.526,116.9371,1510.3424,1360.152,1469.72835,40.0222
montgmi99c|04|06|GSW,Mike Montgomery,montgmi99c,fired,164.0,68.0,96.0,1493.538,1447.2098,-46.3282,1535.942,1352.4832,1450.49205,-77.7807
nelsodo01c|06|10|GSW,Don Nelson,nelsodo01c,fired,328.0,145.0,183.0,1449.9508,1408.7064,-41.2444,1623.097,1346.3766,1453.9951,-27.3157
smartke01c|10|11|GSW,Keith Smart,smartke01c,interim only,82.0,36.0,46.0,1438.4199,1489.9259,51.506,1489.9259,1385.6989,1430.16445,51.506
jacksma01c|11|14|GSW,Mark Jackson,jacksma01c,fired,230.0,121.0,109.0,1469.1144,1617.6373,148.5229,1649.4917,1392.0983,1530.3954,42.7396
kerrst01c|14|17|GSW,Steve Kerr,kerrst01c,,275.0,230.0,45.0,1602.8633,1777.11240156,174.24910156,1838.61741432,1602.8633,1758.76551509,25.29338583
tomjaru01c|00|03|HOU,Rudy Tomjanovich,tomjaru01c,resigned,246.0,116.0,130.0,1482.2604,1540.6249,58.3645,1604.0952,1373.0454,1508.2622,138.5154
vanguje99c|03|07|HOU,Jeff Van Gundy,vanguje99c,fired,328.0,182.0,146.0,1535.6351,1596.2819,60.6468,1669.1071,1441.644,1560.2113,133.3056
adelmri01c|07|11|HOU,Rick Adelman,adelmri01c,fired,328.0,193.0,135.0,1561.2305,1571.1471,9.9166,1697.241,1454.8855,1577.9425,68.5502
mchalke01c|11|15|HOU,Kevin McHale,mchalke01c,fired,323.0,193.0,130.0,1548.7574,1512.93098247,-35.82641753,1676.4716,1483.4855,1588.9753,-69.50632892
bickejb01c|15|16|HOU,J.B. Bickerstaff,bickejb01c,interim only,71.0,37.0,34.0,1517.44760343,1550.27515671,32.82755328,1559.53543372,1487.17435595,1526.99654327,32.82755328
dantomi01c|16|17|HOU,Mike D'Antoni,dantomi01c,,108.0,77.0,31.0,1517.27842619,1687.51893941,170.24051322,1687.51893941,1517.27842619,1620.39405089,104.2608208
thomais01c|00|03|IND,Isiah Thomas,thomais01c,fired,246.0,131.0,115.0,1606.1388,1533.8625,-72.2763,1624.8798,1441.4006,1518.2151,18.5814
carliri01c|03|07|IND,Rick Carlisle,carliri01c,fired,328.0,181.0,147.0,1511.5427,1397.8494,-113.6933,1661.004,1397.8494,1529.7913,-102.5969
obrieji99c|07|11|IND,Jim O'Brien,obrieji99c,fired,290.0,121.0,169.0,1431.7247,1451.2024,19.4777,1539.7653,1366.7872,1452.9039,-36.1521
vogelfr99c|11|16|IND,Frank Vogel,vogelfr99c,fired,431.0,250.0,181.0,1455.615,1519.04923454,63.43423454,1697.2277,1421.538,1542.825,19.83697968
mcmilna01c|16|17|IND,Nate McMillan,mcmilna01c,,110.0,58.0,52.0,1538.7778637,1544.14921299,5.37134929,1555.23557667,1457.46978324,1501.65215076,37.18827532
gentral99c|00|03|LAC,Alvin Gentry,gentral99c,fired,222.0,89.0,133.0,1274.9213,1378.1304,103.2091,1550.4835,1266.0042,1456.8174,-104.2068
johnsde01c|03|03|LAC,Dennis Johnson,johnsde01c,interim only,24.0,8.0,16.0,1373.7866,1402.4567,28.6701,1402.4567,1343.8271,1362.44135,28.6701
dunlemi01c|03|10|LAC,Mike Dunleavy,dunlemi01c,resigned,541.0,215.0,326.0,1421.4609,1418.8922,-2.5687,1591.725,1255.522,1450.5494,101.6373
hugheki01c|10|10|LAC,Kim Hughes,hugheki01c,interim only,33.0,8.0,25.0,1406.6433,1320.519,-86.1243,1406.6433,1292.1389,1354.2637,-86.1243
delnevi01c|10|13|LAC,Vinny Del Negro,delnevi01c,fired,230.0,128.0,102.0,1359.6786,1639.8809,280.2023,1690.4485,1303.2384,1530.70695,71.9333
riverdo01c|13|17|LAC,Doc Rivers,riverdo01c,,354.0,228.0,126.0,1575.4142,1488.64725757,-86.76694243,1715.3783,1463.81784978,1631.48017522,-111.97888713
jacksph01c|00|04|LAL,Phil Jackson,jacksph01c,fired,328.0,220.0,108.0,1658.3303,1638.3962,-19.9341,1759.2979,1526.1191,1626.52215,13.7548
tomjaru01c|04|05|LAL,Rudy Tomjanovich,tomjaru01c,resigned,43.0,24.0,19.0,1629.7335,1522.8645,-106.869,1629.7335,1514.5321,1574.4462,-106.869
hamblfr99c|05|05|LAL,Frank Hamblen,hamblfr99c,interim only,39.0,10.0,29.0,1516.3876,1413.0385,-103.3491,1516.3876,1413.0385,1473.0177,-103.3491
jacksph01c|05|11|LAL,Phil Jackson,jacksph01c,resigned,492.0,323.0,169.0,1445.3833,1658.889,213.5057,1748.3033,1434.8566,1641.3595,9.6888
brownmi99c|11|12|LAL,Mike Brown,brownmi99c,fired,71.0,42.0,29.0,1589.3716,1521.1603,-68.2113,1618.002,1518.7981,1594.2472,-20.5982
bickebe99c|12|12|LAL,Bernie Bickerstaff,bickebe99c,interim only,5.0,4.0,1.0,1529.4589,1542.873,13.4141,1542.873,1529.4589,1533.9518,13.4141
dantomi01c|12|14|LAL,Mike D'Antoni,dantomi01c,mutual,154.0,67.0,87.0,1545.8198,1394.3314,-151.4884,1569.0409,1338.6115,1499.82545,-127.8628
scottby01c|14|16|LAL,Byron Scott,scottby01c,fired,164.0,38.0,126.0,1410.6588,1275.2375127,-135.4212873,1417.563,1259.41081851,1324.5538423,-57.5777935
waltolu01c|16|17|LAL,Luke Walton,waltolu01c,,109.0,36.0,73.0,1343.28638035,1406.70851173,63.42213138,1428.74329098,1308.34291056,1379.53053358,15.29984518
rileypa01c|00|03|MIA,Pat Riley,rileypa01c,resigned,246.0,111.0,135.0,1584.976,1356.5063,-228.4697,1627.0229,1347.3716,1469.0526,-92.8118
vangust99c|03|05|MIA,Stan Van Gundy,vangust99c,resigned,185.0,112.0,73.0,1389.7332,1579.5322,189.799,1699.2987,1358.7866,1561.1201,-63.123
rileypa01c|05|08|MIA,Pat Riley,rileypa01c,resigned,226.0,100.0,126.0,1585.7769,1258.5845,-327.1924,1650.3894,1239.1592,1499.1719,-216.4178
spoeler99c|08|17|MIA,Erik Spoelstra,spoeler99c,,749.0,453.0,296.0,1316.2666,1516.25651555,199.98991555,1768.7365,1316.2666,1551.04603675,-26.11890513
karlge01c|00|03|MIL,George Karl,karlge01c,fired,246.0,135.0,111.0,1518.8068,1512.8979,-5.9089,1631.7972,1436.4969,1519.2004,53.1412
portete01c|03|05|MIL,Terry Porter,portete01c,fired,164.0,71.0,93.0,1493.1877,1368.4817,-124.706,1547.3345,1368.4817,1490.8351,-115.8988
stottte99c|05|07|MIL,Terry Stotts,stottte99c,fired,146.0,63.0,83.0,1419.8776,1403.1716,-16.706,1529.0914,1363.0985,1446.58345,-97.9932
krystla01c|07|08|MIL,Larry Krystkowiak,krystla01c,fired,100.0,31.0,69.0,1424.2686,1278.8849,-145.3837,1434.5602,1278.8849,1374.03,-86.5076
skilesc01c|08|13|MIL,Scott Skiles,skilesc01c,mutual,344.0,162.0,182.0,1330.7054,1474.6658,143.9604,1584.3243,1330.7054,1475.6307,-45.7203
boylaji99c|13|13|MIL,Jim Boylan,boylaji99c,interim only,50.0,22.0,28.0,1479.9662,1437.8136,-42.1526,1524.4414,1416.4331,1473.8514,-42.1526
drewla01c|13|14|MIL,Larry Drew,drewla01c,fired,82.0,15.0,67.0,1442.7881,1255.4655,-187.3226,1455.7802,1255.4655,1311.10355,-187.3226
kiddja01c|14|17|MIL,Jason Kidd,kiddja01c,,272.0,131.0,141.0,1316.6272,1525.9177987,209.2905987,1550.3455,1316.6272,1458.48912872,4.85753016
saundfl99c|00|05|MIN,Flip Saunders,saundfl99c,fired,379.0,231.0,148.0,1561.5936,1478.384,-83.2096,1695.3839,1478.384,1575.7369,-145.4971
mchalke01c|05|05|MIN,Kevin McHale,mchalke01c,resigned,31.0,19.0,12.0,1470.1179,1558.9712,88.8533,1560.2705,1470.1179,1500.0121,88.8533
caseydw99c|05|07|MIN,Dwane Casey,caseydw99c,fired,122.0,53.0,69.0,1547.5425,1463.3104,-84.2321,1577.5343,1403.6969,1472.574,23.4774
wittmra01c|07|08|MIN,Randy Wittman,wittmra01c,fired,143.0,38.0,105.0,1458.1047,1355.6228,-102.4819,1491.7966,1280.554,1352.8939,-41.6129
mchalke01c|08|09|MIN,Kevin McHale,mchalke01c,fired,63.0,20.0,43.0,1352.1935,1326.1898,-26.0037,1437.7222,1316.4609,1345.2377,-26.0037
rambiku01c|09|11|MIN,Kurt Rambis,rambiku01c,fired,164.0,32.0,132.0,1375.4215,1269.3463,-106.0752,1375.4215,1241.9395,1309.09375,-33.5281
adelmri01c|11|14|MIN,Rick Adelman,adelmri01c,retired,230.0,97.0,133.0,1325.604,1516.1139,190.5099,1588.3241,1322.3868,1465.19325,42.4934
saundfl99c|14|15|MIN,Flip Saunders,saundfl99c,died,82.0,16.0,66.0,1510.2198,1263.958,-246.2618,1520.7645,1263.958,1349.2105,-246.2618
mitchsa01c|15|16|MIN,Sam Mitchell,mitchsa01c,interim only,82.0,29.0,53.0,1330.0828188,1410.639317,80.5564982,1412.590379,1323.37288826,1364.69180723,80.5564982
thiboto99c|16|17|MIN,Tom Thibodeau,thiboto99c,,111.0,48.0,63.0,1430.39069688,1513.46042879,83.06973191,1539.36699292,1396.19057321,1459.11975894,42.79022548
scottby01c|00|04|NJNBRK,Byron Scott,scottby01c,fired,288.0,149.0,139.0,1436.5286,1539.5973,103.0687,1664.3267,1330.7146,1557.5892,-38.9518
frankla99c|04|09|NJNBRK,Lawrence Frank,frankla99c,fired,466.0,225.0,241.0,1556.3198,1352.8778,-203.442,1644.8108,1352.8778,1466.75245,-96.2072
barrito99c|09|09|NJNBRK,Tom Barrise,barrito99c,interim only,2.0,0.0,2.0,1351.2306,1345.0425,-6.1881,1351.2306,1345.0425,1348.13655,-6.1881
vandeki01c|09|10|NJNBRK,Kiki Vandeweghe,vandeki01c,interim only,64.0,12.0,52.0,1353.998,1301.5269,-52.4711,1357.9937,1230.8779,1278.2597,-52.4711
johnsav01c|10|12|NJNBRK,Avery Johnson,johnsav01c,fired,176.0,60.0,116.0,1356.7974,1440.8363,84.0389,1501.4766,1301.3468,1350.3391,62.1444
carlepj99c|12|13|NJNBRK,P.J. Carlesimo,carlepj99c,interim only,54.0,35.0,19.0,1444.2889,1579.9078,135.6189,1585.208,1442.5884,1523.236,135.6189
kiddja01c|13|14|NJNBRK,Jason Kidd,kiddja01c,traded,82.0,44.0,38.0,1540.1724,1511.7699,-28.4025,1580.3517,1412.7054,1502.8956,-28.4025
hollili01c|14|16|NJNBRK,Lionel Hollins,hollili01c,fired,119.0,48.0,71.0,1502.0939,1358.6513875,-143.4425125,1534.8898,1358.6513875,1450.3572,-97.65474068
brownto01c|16|16|NJNBRK,Tony Brown,brownto01c,interim only,45.0,11.0,34.0,1353.68985471,1288.98013097,-64.70972374,1361.43519994,1288.98013097,1330.69363917,-64.70972374
atkinke01c|16|17|NJNBRK,Kenny Atkinson,atkinke01c,,109.0,31.0,78.0,1341.24596491,1421.80514415,80.55917924,1433.62805924,1248.6584739,1324.57768403,20.84722271
silaspa01c|00|03|NORLHP,Paul Silas,silaspa01c,fired,246.0,137.0,109.0,1570.7832,1568.9481,-1.8351,1630.8579,1468.8949,1541.88425,15.3375
floydti99c|03|04|NORLHP,Tim Floyd,floydti99c,fired,82.0,41.0,41.0,1545.1353,1477.701,-67.4343,1594.0529,1442.6393,1510.4193,-67.4343
scottby01c|04|09|NORLHP,Byron Scott,scottby01c,fired,419.0,203.0,216.0,1475.4724,1469.4171,-6.0553,1667.1848,1320.1824,1475.2659,-8.5252
bowerje99c|09|10|NORLHP,Jeff Bower,bowerje99c,interim only,73.0,34.0,39.0,1461.8456,1427.8156,-34.03,1516.2557,1404.2769,1468.0707,-34.03
willimo01c|10|15|NORLHP,Monty Williams,willimo01c,fired,394.0,173.0,221.0,1453.2205,1539.7662,86.5457,1615.903,1363.3163,1459.6096,76.4122
gentral99c|15|17|NORLHP,Alvin Gentry,gentral99c,,193.0,79.0,114.0,1518.14613669,1501.22689227,-16.91924442,1524.16714571,1354.76501658,1451.9930351,20.87696492
vanguje99c|00|01|NYK,Jeff Van Gundy,vanguje99c,resigned,101.0,58.0,43.0,1525.9358,1497.7788,-28.157,1595.0752,1452.6195,1537.2903,-16.0519
chanedo01c|01|04|NYK,Don Chaney,chanedo01c,fired,184.0,72.0,112.0,1501.0225,1436.6006,-64.4219,1501.0225,1374.7441,1437.315,-30.7722
willihe01c|04|04|NYK,Herb Williams,willihe01c,interim only,1.0,1.0,0.0,1441.8997,1441.8997,0.0,1441.8997,1441.8997,1441.8997,0.0
wilkele01c|04|05|NYK,Lenny Wilkens,wilkele01c,resigned,81.0,40.0,41.0,1456.5049,1415.6844,-40.8205,1505.0979,1415.6844,1456.5049,-37.4726
willihe01c|05|05|NYK,Herb Williams,willihe01c,interim only,43.0,16.0,27.0,1406.2278,1406.8248,0.597,1467.5199,1382.3451,1409.8184,0.597
brownla01c|05|06|NYK,Larry Brown,brownla01c,fired,82.0,23.0,59.0,1425.4862,1320.8722,-104.614,1433.7301,1285.9266,1359.92435,-104.614
thomais01c|06|08|NYK,Isiah Thomas,thomais01c,fired,164.0,56.0,108.0,1375.634,1310.9265,-64.7075,1457.1309,1281.6595,1391.3635,-107.1333
dantomi01c|08|12|NYK,Mike D'Antoni,dantomi01c,resigned,288.0,121.0,167.0,1363.3666,1466.1488,102.7822,1552.0238,1327.4937,1433.99195,-21.4302
woodsmi01c|12|14|NYK,Mike Woodson,woodsmi01c,fired,188.0,109.0,79.0,1488.4374,1544.2559,55.8185,1644.5215,1406.4829,1540.1287,-37.8774
fishede01c|14|16|NYK,Derek Fisher,fishede01c,fired,136.0,40.0,96.0,1509.5001,1397.35501959,-112.14508041,1521.5439,1242.407,1374.35616688,41.35731088
rambiku01c|16|16|NYK,Kurt Rambis,rambiku01c,interim only,28.0,9.0,19.0,1391.02970527,1384.39446646,-6.63523881,1412.02027381,1364.5920331,1391.71248771,-6.63523881
hornaje01c|16|17|NYK,Jeff Hornacek,hornaje01c,,110.0,46.0,64.0,1411.26358868,1467.49472554,56.23113686,1470.92751489,1371.61480619,1428.83273618,67.39495136
riverdo01c|00|03|ORL,Doc Rivers,riverdo01c,fired,257.0,130.0,127.0,1522.677,1404.3136,-118.3634,1568.0956,1404.3136,1511.3899,-94.5692
davisjo01c|03|05|ORL,Johnny Davis,davisjo01c,fired,135.0,51.0,84.0,1400.9385,1411.2944,10.3559,1471.8455,1266.4756,1390.301,62.0841
jentch01c|05|05|ORL,Chris Jent,jentch01c,interim only,18.0,5.0,13.0,1408.808,1358.517,-50.291,1418.2969,1352.3406,1383.2316,-50.291
hillbr99c|05|07|ORL,Brian Hill,hillbr99c,fired,164.0,76.0,88.0,1385.1106,1520.4855,135.3749,1569.2557,1368.6105,1457.87815,0.9622
vangust99c|07|12|ORL,Stan Van Gundy,vangust99c,fired,394.0,259.0,135.0,1503.2628,1494.8663,-8.3965,1721.8114,1485.5931,1623.5188,-82.6139
vaughja01c|12|15|ORL,Jacque Vaughn,vaughja01c,fired,216.0,58.0,158.0,1489.8534,1303.9515,-185.9019,1502.9133,1249.3088,1343.557,-49.3395
borreja99c|15|15|ORL,James Borrego,borreja99c,interim only,30.0,10.0,20.0,1310.5586,1311.8915,1.3329,1328.9524,1285.8441,1311.4905,1.3329
skilesc01c|15|16|ORL,Scott Skiles,skilesc01c,resigned,82.0,35.0,47.0,1357.1744804,1437.10546621,79.93098581,1491.96407088,1352.20922216,1419.05781596,79.93098581
vogelfr99c|16|17|ORL,Frank Vogel,vogelfr99c,,111.0,40.0,71.0,1443.29036315,1387.80937265,-55.4809905,1495.19120891,1345.6184019,1410.82724809,-12.85426932
brownla01c|00|03|PHI,Larry Brown,brownla01c,resigned,246.0,147.0,99.0,1591.9641,1576.5634,-15.4007,1659.3602,1476.7816,1565.7651,68.9568
ayersra99c|03|04|PHI,Randy Ayers,ayersra99c,fired,52.0,21.0,31.0,1565.9512,1410.6035,-155.3477,1565.9512,1410.6035,1501.2619,-155.3477
fordch01c|04|04|PHI,Chris Ford,fordch01c,interim only,30.0,12.0,18.0,1422.7747,1399.684,-23.0907,1445.9119,1399.684,1422.82975,-23.0907
obrieji99c|04|05|PHI,Jim O'Brien,obrieji99c,fired,82.0,43.0,39.0,1434.0282,1500.2852,66.257,1501.7698,1394.0254,1460.7247,66.257
cheekma01c|05|08|PHI,Maurice Cheeks,cheekma01c,fired,269.0,122.0,147.0,1477.0358,1455.7488,-21.287,1565.3096,1368.7107,1460.8481,-33.8553
dileoto99c|08|09|PHI,Tony DiLeo,dileoto99c,interim only,59.0,32.0,27.0,1463.7096,1492.0187,28.3091,1555.1096,1459.2343,1519.4994,28.3091
jordaed01c|09|10|PHI,Eddie Jordan,jordaed01c,fired,82.0,27.0,55.0,1479.2555,1383.2838,-95.9717,1500.7218,1357.1868,1422.7474,-95.9717
collido01c|10|13|PHI,Doug Collins,collido01c,resigned,230.0,110.0,120.0,1404.4315,1444.5873,40.1558,1594.103,1367.3601,1498.31745,-100.583
brownbr99c|13|17|PHI,Brett Brown,brownbr99c,,355.0,89.0,266.0,1469.418,1455.58255084,-13.83544916,1493.08765905,1174.7012,1287.101,77.85651306
skilesc01c|00|02|PHO,Scott Skiles,skilesc01c,resigned,133.0,76.0,57.0,1585.4465,1524.5458,-60.9007,1630.1307,1502.1952,1568.7311,-22.9855
johnsfr01c|02|03|PHO,Frank Johnson,johnsfr01c,fired,134.0,63.0,71.0,1511.79,1457.1843,-54.6057,1577.339,1447.1395,1507.3859,-77.6735
dantomi01c|03|08|PHO,Mike D'Antoni,dantomi01c,resigned,389.0,253.0,136.0,1447.4001,1655.1497,207.7496,1742.8673,1390.2633,1639.3105,16.5989
portete01c|08|09|PHO,Terry Porter,portete01c,fired,51.0,28.0,23.0,1615.694,1525.4065,-90.2875,1628.8707,1520.8784,1564.9963,-90.2875
gentral99c|09|13|PHO,Alvin Gentry,gentral99c,fired,302.0,158.0,144.0,1532.8579,1428.6289,-104.229,1657.8505,1414.605,1535.68255,-92.6279
hunteli01c|13|13|PHO,Lindsey Hunter,hunteli01c,interim only,41.0,12.0,29.0,1441.2588,1352.4189,-88.8399,1451.7505,1320.4689,1402.8782,-88.8399
hornaje01c|13|16|PHO,Jeff Hornacek,hornaje01c,fired,213.0,101.0,112.0,1400.2277,1339.32631659,-60.90138341,1592.7095,1339.32631659,1520.7816,-121.26425949
watsoea01c|16|17|PHO,Earl Watson,watsoea01c,fired,118.0,33.0,85.0,1334.98225799,1344.51229955,9.53004156,1408.91506341,1288.9467941,1352.71834705,-11.14788082
trianja99c|17|17|PHO,Jay Triano,trianja99c,,27.0,9.0,18.0,1348.91634323,1346.79491429,-2.12142894,1393.15707796,1337.22645842,1355.87631616,-2.12142894
dunlemi01c|00|01|POR,Mike Dunleavy,dunlemi01c,fired,82.0,50.0,32.0,1629.7705,1573.6345,-56.136,1694.6836,1573.6345,1636.6216,-56.136
cheekma01c|01|05|POR,Maurice Cheeks,cheekma01c,fired,301.0,162.0,139.0,1534.6942,1419.2379,-115.4563,1653.7834,1419.2379,1536.1117,-107.5897
pritcke01c|05|05|POR,Kevin Pritchard,pritcke01c,interim only,27.0,5.0,22.0,1409.198,1364.3348,-44.8632,1409.198,1346.6542,1374.5798,-44.8632
mcmilna01c|05|12|POR,Nate McMillan,mcmilna01c,fired,535.0,266.0,269.0,1397.437,1485.1863,87.7493,1664.187,1255.5381,1525.9351,-56.5017
canalka99c|12|12|POR,Kaleb Canales,canalka99c,interim only,23.0,8.0,15.0,1510.2876,1432.5486,-77.739,1510.2876,1432.5486,1475.6759,-77.739
stottte99c|12|17|POR,Terry Stotts,stottte99c,,437.0,237.0,200.0,1460.7015,1516.50207014,55.80057014,1667.7268,1404.7909,1544.5452,-40.19669326
adelmri01c|00|06|SAC,Rick Adelman,adelmri01c,fired,492.0,324.0,168.0,1545.7308,1593.4119,47.6811,1722.1309,1451.0625,1628.1872,82.7516
musseer99c|06|07|SAC,Eric Musselman,musseer99c,fired,82.0,33.0,49.0,1547.6265,1421.1814,-126.4451,1564.8806,1421.1814,1481.9498,-126.4451
theusre01c|07|08|SAC,Reggie Theus,theusre01c,fired,106.0,44.0,62.0,1435.5953,1376.7321,-58.8632,1487.8717,1376.7321,1447.6043,-92.83
nattke01c|08|09|SAC,Kenny Natt,nattke01c,interim only,58.0,11.0,47.0,1384.4364,1285.3861,-99.0503,1384.4364,1271.2656,1308.4745,-99.0503
westppa01c|09|12|SAC,Paul Westphal,westppa01c,fired,171.0,51.0,120.0,1334.142,1419.4415,85.2995,1453.4791,1272.2406,1348.8881,-34.0376
smartke01c|12|13|SAC,Keith Smart,smartke01c,fired,141.0,48.0,93.0,1424.2899,1409.9716,-14.3183,1443.3635,1351.6481,1394.5538,-5.1527
malonmi99c|13|14|SAC,Mike Malone,malonmi99c,fired,106.0,39.0,67.0,1440.0757,1449.8037,9.728,1512.0999,1382.613,1422.3316,30.7126
corbity01c|14|15|SAC,Tyrone Corbin,corbity01c,fired,28.0,7.0,21.0,1438.7065,1372.6279,-66.0786,1438.7065,1372.6208,1407.9939,-66.0786
karlge01c|15|16|SAC,George Karl,karlge01c,fired,112.0,44.0,68.0,1379.8984,1424.76718968,44.86878968,1500.54162559,1376.6,1427.48247555,-9.76223677
joergda99c|16|17|SAC,Dave Joerger,joergda99c,,110.0,41.0,69.0,1463.56297813,1369.98259756,-93.58038057,1475.67099596,1352.73066663,1429.08316909,-45.49447841
popovgr99c|00|17|SAS,Gregg Popovich,popovgr99c,,1406.0,1006.0,400.0,1603.7402,1611.93819554,8.19799554,1800.12986201,1542.1151,1671.6861,-8.17928447
westppa01c|00|00|SEAOKC,Paul Westphal,westppa01c,fired,15.0,6.0,9.0,1500.6969,1487.3052,-13.3917,1506.8219,1476.5686,1492.4208,-13.3917
mcmilna01c|00|05|SEAOKC,Nate McMillan,mcmilna01c,contract expired,395.0,212.0,183.0,1511.5563,1531.9688,20.4125,1636.3879,1430.7006,1529.9612,44.5511
weissbo01c|05|06|SEAOKC,Bob Weiss,weissbo01c,fired,30.0,13.0,17.0,1530.4636,1468.7548,-61.7088,1535.5173,1462.9408,1487.1323,-61.7088
hillbo99c|06|07|SEAOKC,Bob Hill,hillbo99c,fired,134.0,53.0,81.0,1477.0249,1418.8661,-58.1588,1510.3784,1397.0652,1451.93145,-54.5249
carlepj99c|07|08|SEAOKC,P.J. Carlesimo,carlepj99c,fired,95.0,21.0,74.0,1434.995,1275.9138,-159.0812,1434.995,1263.7084,1340.1084,-61.2704
brooksc01c|08|15|SEAOKC,Scott Brooks,brooksc01c,fired,545.0,338.0,207.0,1274.5031,1583.2285,308.7254,1749.163,1249.0995,1610.6539,-24.3853
donovbi99c|15|17|SEAOKC,Billy Donovan,donovbi99c,,191.0,115.0,76.0,1571.49824413,1521.88441039,-49.61383374,1710.73246708,1510.79804671,1599.94516156,-3.17198904
wilkele01c|00|03|TOR,Lenny Wilkens,wilkele01c,fired,246.0,113.0,133.0,1475.0828,1341.639,-133.4438,1590.6519,1328.8806,1503.24445,-167.0794
oneilke99c|03|04|TOR,Kevin O'Neill,oneilke99c,fired,82.0,33.0,49.0,1390.3485,1372.8612,-17.4873,1453.9695,1343.9218,1404.0332,-17.4873
mitchsa01c|04|08|TOR,Sam Mitchell,mitchsa01c,fired,345.0,156.0,189.0,1414.832,1476.7522,61.9202,1581.5433,1341.7062,1441.77,-25.589
trianja99c|08|11|TOR,Jay Triano,trianja99c,contract expired,229.0,87.0,142.0,1468.0303,1298.5675,-169.4628,1546.6704,1298.5675,1440.2939,-142.0006
caseydw99c|11|17|TOR,Dwane Casey,caseydw99c,,502.0,279.0,223.0,1363.5469,1627.43018848,263.88328848,1661.46234915,1316.9792,1556.0978902,86.69444523
sloanje01c|00|11|UTA,Jerry Sloan,sloanje01c,resigned,874.0,490.0,384.0,1561.4548,1499.0061,-62.4487,1692.3331,1351.3119,1563.62105,-64.9761
corbity01c|11|14|UTA,Tyrone Corbin,corbity01c,fired,258.0,112.0,146.0,1484.5602,1329.4227,-155.1375,1566.7161,1311.3872,1479.8453,-186.5951
snydequ01c|14|17|UTA,Quin Snyder,snydequ01c,,274.0,142.0,132.0,1367.0422,1547.60485466,180.56265466,1625.40204023,1347.6198,1538.25757998,-37.86006043
lowesi01c|00|02|VANMEM,Sidney Lowe,lowesi01c,resigned,172.0,46.0,126.0,1379.7975,1338.5573,-41.2402,1431.6094,1295.5917,1359.92665,-34.832
brownhu99c|02|04|VANMEM,Hubie Brown,brownhu99c,retired,168.0,83.0,85.0,1333.7036,1546.1877,212.4841,1628.6801,1315.6183,1476.7105,27.7421
hollili01c|04|04|VANMEM,Lionel Hollins,hollili01c,interim only,4.0,0.0,4.0,1536.7141,1506.6615,-30.0526,1536.7141,1506.6615,1518.7586,-30.0526
fratemi99c|04|06|VANMEM,Mike Fratello,fratemi99c,fired,178.0,95.0,83.0,1510.698,1417.4814,-93.2166,1614.8038,1417.4814,1561.3487,-123.319
baronto99c|06|07|VANMEM,Tony Barone,baronto99c,interim only,52.0,16.0,36.0,1422.9673,1385.955,-37.0123,1430.5698,1315.2943,1382.6432,-37.0123
iavarma01c|07|09|VANMEM,Marc Iavaroni,iavarma01c,fired,123.0,33.0,90.0,1412.8374,1311.6102,-101.2272,1427.7839,1306.2996,1357.8243,-55.2204
davisjo01c|09|09|VANMEM,Johnny Davis,davisjo01c,interim only,2.0,0.0,2.0,1304.7534,1294.0786,-10.6748,1304.7534,1294.0786,1299.416,-10.6748
hollili01c|09|13|VANMEM,Lionel Hollins,hollili01c,fired,351.0,196.0,155.0,1288.7289,1645.1914,356.4625,1648.4976,1279.2531,1553.5985,73.2279
joergda99c|13|16|VANMEM,Dave Joerger,joergda99c,fired,246.0,147.0,99.0,1614.5604,1453.27482723,-161.28557277,1678.4237,1453.27482723,1576.8615,-103.92089331
fizdada01c|16|17|VANMEM,David Fizdale,fizdada01c,fired,101.0,50.0,51.0,1458.87858937,1450.50097825,-8.37761112,1597.55159596,1425.52830777,1522.09536069,-46.45967472
bickejb01c|17|17|VANMEM,J.B. Bickerstaff,bickejb01c,,9.0,1.0,8.0,1447.37226261,1398.8840646,-48.48819801,1447.37226261,1398.8840646,1432.26440025,-48.48819801
hamille99c|00|01|WAS,Leonard Hamilton,hamille99c,resigned,82.0,19.0,63.0,1431.0598,1286.286,-144.7738,1461.1727,1286.286,1338.5712,-144.7738
collido01c|01|03|WAS,Doug Collins,collido01c,fired,164.0,74.0,90.0,1339.5891,1423.2875,83.6984,1517.007,1315.3483,1461.0287,-27.6018
jordaed01c|03|08|WAS,Eddie Jordan,jordaed01c,fired,421.0,197.0,224.0,1468.5837,1411.2427,-57.341,1589.7524,1314.2402,1479.5436,-66.2481
tapsced99c|08|09|WAS,Ed Tapscott,tapsced99c,fired,71.0,18.0,53.0,1429.2723,1313.5583,-115.714,1440.3632,1294.8877,1341.386,-115.714
saundfl99c|09|12|WAS,Flip Saunders,saundfl99c,fired,181.0,51.0,130.0,1387.2084,1306.8265,-80.3819,1414.0051,1265.512,1352.1587,-53.1907
wittmra01c|12|16|WAS,Randy Wittman,wittmra01c,fired,377.0,178.0,199.0,1317.3423,1529.96375388,212.62145388,1585.0723,1285.6865,1478.9307,-8.85876572
brooksc01c|16|17|WAS,Scott Brooks,brooksc01c,,110.0,64.0,46.0,1516.50054465,1556.67070482,40.17016017,1620.02317644,1464.96735184,1557.14474235,-10.8634569
